feature,n_pairs,mean_delta,median_delta,std_delta,std_delta_xmodel,cohens_d,sign_agreement,wilcoxon_p,n_qwen,n_llama,n_gemma,abs_std_delta_xmodel,wilcoxon_q
consistency_format_robustness.mean_nll_overall,6,2.856051762898763,0.5311349232991536,5.500160426977124,1.273367363321928,0.5192669924481536,1.0,0.03125,4,1,1,1.273367363321928,0.2361111111111111
causality_ablation.loss_ablate_1pct,6,1.3726562500000001,0.12109375,3.07696151075568,1.132242809520549,0.4461077089205726,1.0,0.03125,4,1,1,1.132242809520549,0.2361111111111111
causality_attention_knockout.per_head_impacts.min,6,-0.20442708333333315,-0.0026041666666664996,0.49310499250884987,-1.1220765393855137,-0.4145711084636083,0.5,0.3125,4,1,1,1.1220765393855137,0.6611111111111111
dynamics_sharpness.baseline_loss,6,1.5169270833333333,0.15625,3.337020157550901,1.1159633825810844,0.4545753431848111,1.0,0.03125,4,1,1,1.1159633825810844,0.2361111111111111
causality_attention_knockout.baseline_loss,6,1.2829861111111112,0.15885416666666674,2.778497031447321,1.1065279622111444,0.4617554370546881,1.0,0.03125,4,1,1,1.1065279622111444,0.2361111111111111
causality_ablation.baseline_loss,6,1.3119791666666667,0.11953125000000009,2.9551551663646474,1.1014501127657692,0.44396286922579037,1.0,0.03125,4,1,1,1.1014501127657692,0.2361111111111111
dynamics_gradient_flow.gradient_norm_per_layer.max,6,11.566462328036627,1.6209207773208618,25.54845967445101,1.101410996764246,0.4527264060307843,0.8333333333333334,0.0625,4,1,1,1.101410996764246,0.27070063694267515
dynamics_gradient_flow.gradient_norm_max,6,11.566462328036627,1.6209207773208618,25.54845967445101,1.101410996764246,0.4527264060307843,0.8333333333333334,0.0625,4,1,1,1.101410996764246,0.27070063694267515
dynamics_sharpness.sam_perturbed_loss,6,1.8489583333333333,0.2421875,3.7707585167531836,1.092444496439786,0.4903412205047225,1.0,0.03125,4,1,1,1.092444496439786,0.2361111111111111
dynamics_gradient_flow.gradient_norm_per_layer.std,6,2.859856495729737,0.30949510771019373,6.444859666344595,1.0860235517279462,0.4437422447945705,0.8333333333333334,0.0625,4,1,1,1.0860235517279462,0.27070063694267515
dynamics_gradient_flow.gradient_norm_per_layer.q25,6,10.773366566126546,0.16006487607955933,26.051741301585484,1.08506997351592,0.413537292628915,1.0,0.03125,4,1,1,1.08506997351592,0.2361111111111111
interpretability_attention_graph.max_sink_pagerank,6,-0.026922445159382375,-0.008891329172146967,0.04894947455034591,-1.074236419303631,-0.5500047836405656,1.0,0.03125,4,1,1,1.074236419303631,0.2361111111111111
interpretability_sparsity.layer_kurtosis.q25,6,-36709.94542324612,-33.887979694663144,90016.45252580234,-1.0632783577803286,-0.40781373174779995,0.8333333333333334,0.3125,4,1,1,1.0632783577803286,0.6611111111111111
dynamics_gradient_flow.gradient_norm_per_layer.mean,6,1.9091733645681026,0.17694726464105776,4.32511095754417,1.051910296858715,0.4414160430353781,1.0,0.03125,4,1,1,1.051910296858715,0.2361111111111111
dynamics_gradient_flow.gradient_norm_mean,6,1.9091733645681026,0.17694726464105776,4.32511095754417,1.051910296858715,0.4414160430353781,1.0,0.03125,4,1,1,1.051910296858715,0.2361111111111111
interpretability_prediction_entropy.top5_entropy_p90,6,-0.049479166666668996,-0.00390625,0.11633614359816138,-1.0487963299668555,-0.4253120753046088,0.5,0.25,4,1,1,1.0487963299668555,0.6390977443609023
dynamics_gradient_flow.gradient_norm_per_layer.q50,6,0.9912377720077833,0.08544357493519783,2.255967959902345,1.0345585604407368,0.4393846852553222,1.0,0.03125,4,1,1,1.0345585604407368,0.2361111111111111
consistency_position_sensitivity.position_spread,6,0.20830078124999998,0.011132812499999853,0.5198844216353582,1.0190155607240108,0.40066748027333676,0.5,0.6875,4,1,1,1.0190155607240108,0.8333333333333334
geometry_lid.lid_median,6,1.558082284045079,0.5139022616972069,2.6712960212269437,0.9843874976457458,0.583268298108512,0.8333333333333334,0.0625,4,1,1,0.9843874976457458,0.27070063694267515
consistency_position_sensitivity.u_curve_depth,6,0.09427083333333332,0.0361328125000001,0.19539680472201407,0.9769909337648973,0.4824584182297657,0.6666666666666666,0.3125,4,1,1,0.9769909337648973,0.6611111111111111
consistency_calibration.calibration_intercept,5,-0.01753005375635132,-0.0158820098694698,0.009017547685875343,-0.9763484158388922,-1.9439934633015092,1.0,0.0625,4,1,0,0.9763484158388922,0.27070063694267515
causality_ablation.loss_ablate_5pct,6,2.095572916666667,0.16874999999999996,3.2798045055156932,0.9688960687142337,0.6389322635365957,1.0,0.03125,4,1,1,0.9688960687142337,0.2361111111111111
consistency_icl_slope.icl_slope,6,-0.38111975760686984,0.010453469412667477,1.058446308409242,-0.9666196303938699,-0.36007471950056835,0.3333333333333333,0.5625,4,1,1,0.9666196303938699,0.7470703125
geometry_lid.lid_max,6,513.4409654278683,-1.2082979925446722,1349.3448722445219,0.9455365920123875,0.38051129551024443,0.5,1.0,4,1,1,0.9455365920123875,1.0
consistency_icl_slope.icl_gain,6,1.5177521705627441,-0.004215240478515625,4.2876775834449905,0.944051665884685,0.3539800138944417,0.3333333333333333,0.84375,4,1,1,0.944051665884685,0.9359706362153344
consistency_icl_slope.mean_nll_1shot,6,1.4201332728068035,-0.021484375,3.5366868850207163,0.936054870256803,0.40154339894256286,0.5,0.84375,4,1,1,0.936054870256803,0.9359706362153344
interpretability_prediction_entropy.std_entropy,6,-0.13714964463835086,-0.10315462537209885,0.26276682025338494,-0.9282224154353046,-0.5219443021995624,0.8333333333333334,0.3125,4,1,1,0.9282224154353046,0.6611111111111111
consistency_icl_slope.mean_nll_0shot,6,1.8198877970377605,0.0069580078125,4.950806576388193,0.8890503211299841,0.367594202875411,0.5,0.84375,4,1,1,0.8890503211299841,0.9359706362153344
topology_homology.num_loops_h1.max,6,-1.3333333333333333,-1.0,1.0327955589886446,-0.8675777956843241,-1.2909944487358054,0.8333333333333334,0.0625,4,1,1,0.8675777956843241,0.27070063694267515
causality_attention_knockout.per_head_impacts.q25,6,-0.02430555555555558,0.00130208333333335,0.06483625430795048,-0.8527938829784412,-0.3748759982356836,0.3333333333333333,1.0,4,1,1,0.8527938829784412,1.0
consistency_icl_slope.mean_nll_2shot,6,0.9412022431691488,0.01494598388671875,2.2253228275414947,0.8511775773634359,0.4229508777425232,0.6666666666666666,0.5625,4,1,1,0.8511775773634359,0.7470703125
consistency_position_sensitivity.position_argmin,6,0.3333333333333333,0.125,0.43779751788545657,0.8350843835268293,0.761386987626881,0.5,0.25,4,1,1,0.8350843835268293,0.6390977443609023
geometry_lid.lid_std,6,19.804882555089446,-2.2361749372427298,58.713366762049155,0.8320934914964863,0.3373147146433242,0.3333333333333333,0.5625,4,1,1,0.8320934914964863,0.7470703125
topology_homology.num_loops_h1.min,6,-0.8333333333333334,-0.5,1.7224014243685084,-0.8020101315216587,-0.48382062482261473,0.5,0.5,4,1,1,0.8020101315216587,0.7456140350877193
geometry_contextualization.per_layer.intra_sentence_similarity_corrected.q75,6,-0.026169853831330952,-0.021009472906589506,0.018068503073382522,-0.7949409061716283,-1.4483686736552555,1.0,0.03125,4,1,1,0.7949409061716283,0.2361111111111111
topology_homology.num_loops_h1.mean,6,-0.7777777777777777,-0.6666666666666667,0.5018484351393872,-0.7662355754969739,-1.549826049695167,0.8333333333333334,0.0625,4,1,1,0.7662355754969739,0.27070063694267515
dynamics_gradient_flow.gradient_norm_per_layer.slope,6,-0.1601843005690243,-0.02255267082707369,0.3400964886837155,-0.7578588648372145,-0.4709966315412131,1.0,0.03125,4,1,1,0.7578588648372145,0.2361111111111111
geometry_positional_decay.layer_positional_decay.q75,6,-0.08567831168267558,-0.0314211758702202,0.1441972785906128,-0.7493337736715624,-0.5941742626497336,1.0,0.03125,4,1,1,0.7493337736715624,0.2361111111111111
geometry_lid.lid_mean,6,2.0331917975904528,0.3540666041433216,4.04468939689081,0.7451439765623583,0.5026818126389102,0.8333333333333334,0.21875,4,1,1,0.7451439765623583,0.5765503875968992
topology_betti_curve.betti_1_curve.min,6,-0.5,-0.5,0.5477225575051661,-0.7448555856006233,-0.9128709291752769,0.5,0.25,4,1,1,0.7448555856006233,0.6390977443609023
causality_attention_knockout.per_head_impacts.q50,6,0.028211805555555716,0.00130208333333335,0.07063807083651609,0.7197261818073253,0.39938527795937095,0.5,0.625,4,1,1,0.7197261818073253,0.8157389635316699
interpretability_prediction_entropy.median_top1_top2_gap_logprob,6,0.23958333333333334,-0.00390625,0.680426442188402,0.7095853727328274,0.3521076173388858,0.16666666666666666,0.875,4,1,1,0.7095853727328274,0.967479674796748
topology_homology.num_loops_h1.slope,6,-0.8333333333333335,-0.5,1.602081978759722,-0.705770497299369,-0.5201564866102995,0.8333333333333334,0.15625,4,1,1,0.705770497299369,0.46397379912663755
geometry_positional_decay.layer_positional_decay.max,6,-0.06113005687681461,-0.007957716298434947,0.13274600570221368,-0.6691298149916551,-0.4605039266789419,0.5,0.4375,4,1,1,0.6691298149916551,0.6611111111111111
geometry_hsic.adjacent_hsic.q75,6,-0.023503541944669342,-0.0135145950349021,0.03175447444162266,-0.6617974877343915,-0.7401647282142297,0.5,0.4375,4,1,1,0.6617974877343915,0.6611111111111111
geometry_correlation_dimension.fit_r_squared,6,-0.016340479013119764,-0.003447293969581988,0.03335762254808482,-0.6599380575344641,-0.48985742282937156,0.8333333333333334,0.0625,4,1,1,0.6599380575344641,0.27070063694267515
consistency_position_sensitivity.nll_at_0.0,6,0.20846354166666667,-0.015429687499999956,0.6984566668697434,0.658142853751896,0.29846309950899713,0.3333333333333333,0.84375,4,1,1,0.658142853751896,0.9359706362153344
consistency_position_sensitivity.nll_at_1.0,6,-0.08805338541666667,-0.02490234375,0.11997609324205241,-0.657016737301079,-0.7339244264190075,0.8333333333333334,0.0625,4,1,1,0.657016737301079,0.27070063694267515
causality_ablation.loss_ablate_10pct,6,1.6729166666666668,0.22812500000000013,2.8872143166756206,0.6494047862082207,0.5794224062288825,1.0,0.03125,4,1,1,0.6494047862082207,0.2361111111111111
interpretability_logit_lens.acc.max,6,0.0023460876941681086,0.0,0.005746717742534619,0.6460696152182062,0.4082482904638631,0.16666666666666666,1.0,4,1,1,0.6460696152182062,1.0
interpretability_activation_sinks.massive_activation_fraction_per_layer.q75,6,7.564197791603589e-05,0.0,0.00015636833084744725,0.6330747126361834,0.48374231218105224,0.3333333333333333,0.5,4,1,1,0.6330747126361834,0.7456140350877193
causality_ablation.loss_ablate_25pct,6,0.9822916666666663,0.1656249999999999,1.451698448513556,0.6141777762933187,0.6766499390231274,1.0,0.03125,4,1,1,0.6141777762933187,0.2361111111111111
causality_tracing.aie.max,6,-0.1656050282569292,-0.011994997660319029,0.37502027848227,-0.6029479083995601,-0.4415895293106359,0.5,0.6875,4,1,1,0.6029479083995601,0.8333333333333334
causality_tracing.max_aie,6,-0.1656050282569292,-0.011994997660319029,0.37502027848227,-0.6029479083995601,-0.4415895293106359,0.5,0.6875,4,1,1,0.6029479083995601,0.8333333333333334
repe_task_vectors.layer_task_vector_norms.min,6,0.3157955085237821,-0.0004326878115534505,0.7751745930957643,0.5955283246343681,0.40738629895313017,0.5,1.0,4,1,1,0.5955283246343681,1.0
geometry_contextualization.per_layer.mev.min,6,-0.015679250442251397,-0.0037731874219220085,0.03013586871577374,-0.5953340525522659,-0.5202853314145397,1.0,0.03125,4,1,1,0.5953340525522659,0.2361111111111111
geometry_mahalanobis.ood_separation_gap,6,6.427855809529622,4.098226547241209,10.769788383125137,0.591767823034499,0.5968414216570159,0.8333333333333334,0.15625,4,1,1,0.591767823034499,0.46397379912663755
causality_edge_attribution.peak_attribution_layer,6,-0.13109488135554567,-0.06690042075736324,0.29507986381302576,-0.5814681128890011,-0.4442691536505946,0.6666666666666666,0.4375,4,1,1,0.5814681128890011,0.6611111111111111
interpretability_attention_graph.bos_sink_ratio,6,-0.055474950396825394,0.0,0.13638660844929199,-0.5798597048093225,-0.406747781380976,0.3333333333333333,0.75,4,1,1,0.5798597048093225,0.9058614564831261
geometry_contextualization.per_layer.self_similarity_corrected.q50,6,-0.05502627292942458,-0.020171372666472204,0.09488068174258886,-0.5768652345956852,-0.579952335067646,1.0,0.03125,4,1,1,0.5768652345956852,0.2361111111111111
interpretability_prediction_entropy.mean_top1_top2_gap_logprob,6,0.3132374429617604,-0.032796428946263445,0.8458335654434719,0.5740765823710878,0.37032988020229435,0.3333333333333333,0.84375,4,1,1,0.5740765823710878,0.9359706362153344
interpretability_attention_rank.layer_mean_normalised_rank.min,6,0.07732449764870132,0.037608436071464496,0.11330390191027612,0.5724155105500681,0.6824522046022173,0.8333333333333334,0.0625,4,1,1,0.5724155105500681,0.27070063694267515
interpretability_prediction_entropy.p90_entropy,6,-0.4557291666666667,-0.25,0.8125250396782654,-0.5690354686550237,-0.5608801506561831,0.8333333333333334,0.25,4,1,1,0.5690354686550237,0.6390977443609023
topology_betti_curve.betti_0_last,6,-0.16666666666666666,0.0,0.408248290463863,-0.5627881694093038,-0.408248290463863,0.16666666666666666,1.0,4,1,1,0.5627881694093038,1.0
interpretability_attention_rank.layer_mean_effective_rank.min,6,7.75526724085212,3.6531569883227384,11.460787850273608,0.5560846260115582,0.6766783699487968,0.8333333333333334,0.0625,4,1,1,0.5560846260115582,0.27070063694267515
interpretability_prediction_entropy.mean_top5_entropy,6,-0.06735775420474803,-0.0027734795905882126,0.17924931557923032,-0.5542569228237502,-0.3757769115440505,0.6666666666666666,0.84375,4,1,1,0.5542569228237502,0.9359706362153344
interpretability_attention_rank.layer_mean_normalised_rank.q75,6,0.08134089693165027,0.0427355633236598,0.12986135072250576,0.5522328848689556,0.6263672484468729,0.8333333333333334,0.0625,4,1,1,0.5522328848689556,0.27070063694267515
interpretability_attention_rank.layer_mean_effective_rank.q75,6,8.261475778271752,4.53502918243408,13.042269417661927,0.5454971780139264,0.6334385154690951,0.8333333333333334,0.0625,4,1,1,0.5454971780139264,0.27070063694267515
geometry_contextualization.per_layer.intra_sentence_similarity_corrected.slope,6,-0.004830732114613067,-0.002889312855899301,0.004952115322887344,-0.5426774493870403,-0.975488614388022,1.0,0.03125,4,1,1,0.5426774493870403,0.2361111111111111
causality_tracing.aie.std,6,-0.06298593922285546,0.0030998840294773344,0.15471922587302084,-0.5368407110094376,-0.4070983348543152,0.3333333333333333,1.0,4,1,1,0.5368407110094376,1.0
geometry_contextualization.per_layer.self_similarity_raw.q75,6,0.0666972838499787,0.051762330625407416,0.049935791837075555,0.5288895265049282,1.335660883632135,1.0,0.03125,4,1,1,0.5288895265049282,0.2361111111111111
interpretability_attention_graph.mean_sink_pagerank,6,-0.0714919635968801,-0.015846037668889396,0.15303859130758188,-0.5256244963718439,-0.46714990634743403,0.6666666666666666,0.15625,4,1,1,0.5256244963718439,0.46397379912663755
geometry_schatten.schatten_inf_per_layer.min,6,-0.12998757958412158,-0.01796763539314261,0.27153692968465165,-0.5253927467920093,-0.4787105007598125,0.5,0.4375,4,1,1,0.5253927467920093,0.6611111111111111
geometry_positional_decay.layer_positional_decay.std,6,-0.018613082285456384,-0.011038454588060704,0.026043603920880724,-0.5246710569008698,-0.7146891936308843,0.8333333333333334,0.0625,4,1,1,0.5246710569008698,0.27070063694267515
geometry_rsa.rsa_early_late,6,0.05802213160685706,0.0039006625163421627,0.11735241018747426,0.5233154872717983,0.49442641624628614,0.6666666666666666,0.4375,4,1,1,0.5233154872717983,0.6611111111111111
interpretability_attention_rank.layer_mean_effective_rank.std,6,-1.561047048678196,-0.8664708778682759,1.734598686482643,-0.5186835545027134,-0.8999470948773928,1.0,0.03125,4,1,1,0.5186835545027134,0.2361111111111111
geometry_mahalanobis.ood_separation_ratio,6,0.07843074952847034,0.04970044971450194,0.1352638971276714,0.518006517785307,0.579835057202603,0.8333333333333334,0.15625,4,1,1,0.518006517785307,0.46397379912663755
geometry_positional_decay.layer_positional_decay.slope,6,-0.00594243275541705,-0.0061312053283351,0.0038271283638554743,-0.5169618311599558,-1.5527132069932987,0.8333333333333334,0.0625,4,1,1,0.5169618311599558,0.27070063694267515
causality_attention_knockout.per_head_impacts.std,6,0.07888041654127219,0.037410148632282196,0.1025437363664435,0.5159666201653847,0.7692368089591582,0.8333333333333334,0.09375,4,1,1,0.5159666201653847,0.3390957446808511
consistency_format_robustness.mean_nll_std_across_formats,6,0.3157872389521485,0.11546712437499751,0.7016435144958656,0.5140648434884055,0.45006792256754946,0.6666666666666666,0.4375,4,1,1,0.5140648434884055,0.6611111111111111
geometry_contextualization.per_layer.intra_sentence_similarity_raw.q50,6,0.08686707820743322,0.027459841743111613,0.16853920148416032,0.5119813187970336,0.5154117109994566,0.8333333333333334,0.09375,4,1,1,0.5119813187970336,0.3390957446808511
topology_betti_curve.betti_1_curve.mean,6,-0.5515873015873016,-0.5208333333333335,0.6246191205281846,-0.5071339350960531,-0.8830778364915783,0.8333333333333334,0.09375,4,1,1,0.5071339350960531,0.3390957446808511
interpretability_attention_rank.layer_mean_normalised_rank.std,6,-0.01510787317758902,-0.008848621976661752,0.015637664429482532,-0.5070220377319542,-0.9661208197501241,1.0,0.03125,4,1,1,0.5070220377319542,0.2361111111111111
geometry_positional_decay.layer_positional_decay.mean,6,-0.04229317983781223,-0.0008308941608027032,0.10595138828437618,-0.5018815477587627,-0.39917532486026774,0.5,0.84375,4,1,1,0.5018815477587627,0.9359706362153344
geometry_positional_decay.mean_positional_decay_correlation,6,-0.042293179837812174,-0.0008308941608027032,0.1059513882843761,-0.5011703661730972,-0.3991753248602675,0.5,0.84375,4,1,1,0.5011703661730972,0.9359706362153344
topology_betti_curve.betti_0_curve.q25,6,0.3333333333333333,0.0,0.816496580927726,0.49824516881576303,0.408248290463863,0.16666666666666666,1.0,4,1,1,0.49824516881576303,1.0
interpretability_prediction_entropy.mean_top1_prob,6,0.043811630965240905,0.0024986367027642065,0.10278864826546778,0.4981525462828342,0.4262302472554217,0.5,0.4375,4,1,1,0.4981525462828342,0.6611111111111111
interpretability_attention_rank.layer_max_effective_rank.min,6,11.551616032918295,4.751338958740234,17.920907607991115,0.49456733937849995,0.6445887834256403,0.8333333333333334,0.0625,4,1,1,0.49456733937849995,0.27070063694267515
topology_betti_curve.max_betti_1,6,-0.6666666666666666,-0.5,0.816496580927726,-0.48857487468084543,-0.816496580927726,0.5,0.25,4,1,1,0.48857487468084543,0.6390977443609023
topology_betti_curve.betti_1_curve.max,6,-0.6666666666666666,-0.5,0.816496580927726,-0.48857487468084543,-0.816496580927726,0.5,0.25,4,1,1,0.48857487468084543,0.6390977443609023
geometry_contextualization.per_layer.intra_sentence_similarity_corrected.std,6,-0.005958613684940301,-0.00454525909217,0.0038976090561788413,-0.47738485800051744,-1.5287869047548956,1.0,0.03125,4,1,1,0.47738485800051744,0.2361111111111111
causality_circuit_quality.layer_importances.std,6,0.3978734492014309,0.2130859639978867,0.4773287266247656,0.47150933177973237,0.8335418067436039,1.0,0.03125,4,1,1,0.47150933177973237,0.2361111111111111
geometry_contextualization.per_layer.anisotropy_baseline.q50,6,0.09435819089412689,0.03671190142631531,0.16723502688134806,0.4708307512572503,0.5642250469518763,0.8333333333333334,0.0625,4,1,1,0.4708307512572503,0.27070063694267515
interpretability_attention_entropy.min_entropy_head,6,-0.06861166656017305,-0.011943951249122661,0.1694450876937112,-0.4703405759153127,-0.40491977368028187,0.8333333333333334,0.3125,4,1,1,0.4703405759153127,0.6611111111111111
interpretability_attention_entropy.min_normalized_entropy_head,6,-0.014054323520519515,-0.0024386161526234983,0.03473235720866185,-0.4691699241532278,-0.4046464061188029,0.8333333333333334,0.3125,4,1,1,0.4691699241532278,0.6611111111111111
consistency_position_sensitivity.nll_at_0.25,6,0.10677083333333344,-0.02050781249999989,0.4249981809090972,0.4638853816735398,0.2512265654995136,0.3333333333333333,0.84375,4,1,1,0.4638853816735398,0.9359706362153344
causality_tracing.aie.q25,6,-0.12342344278133371,0.015023231506347656,0.3271870432867713,-0.4631516737076522,-0.377225948623999,0.5,0.84375,4,1,1,0.4631516737076522,0.9359706362153344
geometry_mahalanobis.auroc,6,0.10406266666666668,0.07500000000000007,0.1648610270241778,0.45757305457160596,0.631214475276836,0.8333333333333334,0.09375,4,1,1,0.45757305457160596,0.3390957446808511
interpretability_attention_rank.layer_min_effective_rank.q50,6,1.2038448452949526,0.9642324447631836,1.1125699121988415,0.45524469846320664,1.0820397281063612,1.0,0.03125,4,1,1,0.45524469846320664,0.2361111111111111
causality_attention_knockout.mean_knockout_impact,6,0.016503906250000065,0.008642578125000154,0.019032120530058056,0.45194577146386417,0.8671606626247926,1.0,0.03125,4,1,1,0.45194577146386417,0.2361111111111111
consistency_format_robustness.mean_nll_cv_across_formats,6,-0.10410711368308667,-0.03166869520339788,0.27550136249658375,-0.44934961070698937,-0.37788239135977997,0.6666666666666666,0.5625,4,1,1,0.44934961070698937,0.7470703125
causality_attention_knockout.head_impact_gini_coefficient,6,-0.04949324409448543,-0.006980028828060203,0.09982638391322315,-0.44919022919300605,-0.49579321772797863,0.5,0.5625,4,1,1,0.44919022919300605,0.7470703125
interpretability_attention_rank.layer_max_effective_rank.std,6,-2.6826944342686923,-2.002503306456755,3.757561405889021,-0.44711130685309325,-0.7139456004802082,0.8333333333333334,0.15625,4,1,1,0.44711130685309325,0.46397379912663755
interpretability_attention_rank.layer_max_effective_rank.q75,6,12.561812082926437,5.474876403808594,17.523205326233967,0.4469289324771122,0.7168672539675242,1.0,0.03125,4,1,1,0.4469289324771122,0.2361111111111111
consistency_calibration.brier_score,5,0.004213434457778975,0.0035981833934783936,0.002135768936432408,0.44581139963187655,1.9727950837308754,1.0,0.0625,4,1,0,0.44581139963187655,0.27070063694267515
interpretability_attention_rank.rank_collapse_trend_spearman,6,0.18105727070559743,0.09285714285714293,0.269099062230927,0.4453430667619743,0.6728275795707656,0.6666666666666666,0.125,4,1,1,0.4453430667619743,0.4292929292929293
topology_betti_curve.betti_1_curve.q25,6,-1.0,-1.0,1.0954451150103321,-0.44369410322155295,-0.9128709291752769,0.6666666666666666,0.125,4,1,1,0.44369410322155295,0.4292929292929293
geometry_contextualization.per_layer.intra_sentence_similarity_corrected.mean,6,-0.009603614196181318,-0.008951488859951506,0.004249278844705154,-0.44314648806240403,-2.260057423190284,1.0,0.03125,4,1,1,0.44314648806240403,0.2361111111111111
geometry_contextualization.mean_intra_sentence_similarity_corrected,6,-0.009603614196181318,-0.008951488859951506,0.004249278844705154,-0.44314648806240403,-2.260057423190284,1.0,0.03125,4,1,1,0.44314648806240403,0.2361111111111111
interpretability_attention_rank.layer_min_effective_rank.q75,6,1.5592119892438252,0.3773958683013916,3.1879711128137793,0.4376584105240679,0.489092257761278,0.6666666666666666,0.21875,4,1,1,0.4376584105240679,0.5765503875968992
geometry_contextualization.per_layer.anisotropy_baseline.q75,6,0.08677099893490474,0.04745663702487944,0.11551103896533227,0.43725928264148306,0.7511922644981738,1.0,0.03125,4,1,1,0.43725928264148306,0.2361111111111111
interpretability_attention_rank.layer_max_effective_rank.mean,6,6.585601409276319,3.0101380348205495,11.432583435410848,0.4359309091409835,0.5760379048604473,0.8333333333333334,0.0625,4,1,1,0.4359309091409835,0.27070063694267515
interpretability_prediction_entropy.mean_top5_prob,6,0.03648557399866056,0.01194738841277021,0.06731566171783979,0.4249260768111101,0.5420072100248146,0.8333333333333334,0.0625,4,1,1,0.4249260768111101,0.27070063694267515
topology_homology.num_loops_h1.q50,6,-0.6666666666666666,-1.0,1.8618986725025255,-0.4183603265108781,-0.35805743701971643,0.6666666666666666,0.53125,4,1,1,0.4183603265108781,0.7470703125
topology_homology.num_loops_h1.q75,6,-0.6666666666666666,-1.0,1.8618986725025255,-0.4183603265108781,-0.35805743701971643,0.6666666666666666,0.53125,4,1,1,0.4183603265108781,0.7470703125
dynamics_sharpness.sam_sharpness,6,0.33203125,0.1015625,0.4717029384150315,0.41743742797497424,0.7038990495070008,1.0,0.03125,4,1,1,0.41743742797497424,0.2361111111111111
interpretability_attention_rank.min_effective_rank,6,0.6472180088361105,0.06035858392715476,1.427072853147458,0.4023227251986195,0.4535283587019745,0.6666666666666666,0.5625,4,1,1,0.4023227251986195,0.7470703125
interpretability_attention_rank.layer_min_effective_rank.min,6,0.6472180088361105,0.06035858392715476,1.427072853147458,0.4023227251986195,0.4535283587019745,0.6666666666666666,0.5625,4,1,1,0.4023227251986195,0.7470703125
consistency_calibration.calibration_slope,5,-0.018893555114117076,-0.0037812807846897556,0.03619288877104479,-0.3915096099292384,-0.5220239598346842,1.0,0.0625,4,1,0,0.3915096099292384,0.27070063694267515
geometry_contextualization.per_layer.mev.q50,6,-0.013179756861236727,-0.0037731874219220085,0.024040464434659268,-0.38323639818142347,-0.5482322064558537,1.0,0.03125,4,1,1,0.38323639818142347,0.2361111111111111
consistency_calibration.ece,5,0.01235787443299006,0.011856980565116401,0.005251784879598056,0.38090183989417437,2.3530808508546275,1.0,0.0625,4,1,0,0.38090183989417437,0.27070063694267515
interpretability_prediction_entropy.mean_entropy,6,-0.24901794001794517,-0.08011269856326719,0.519395465414571,-0.3776648028053089,-0.47943803248105765,0.8333333333333334,0.3125,4,1,1,0.3776648028053089,0.6611111111111111
causality_ablation.degradation_5pct,6,0.78359375,0.04609375000000002,1.5612997734009555,0.3766996458670666,0.5018855208651632,1.0,0.03125,4,1,1,0.3766996458670666,0.2361111111111111
interpretability_attention_rank.layer_min_effective_rank.mean,6,1.2025972623673693,0.48158182700475116,2.0081214774652145,0.37318384004917765,0.5988667896154212,1.0,0.03125,4,1,1,0.37318384004917765,0.2361111111111111
causality_circuit_quality.layer_importances.q25,6,0.9270833333333336,0.9518229166666665,0.864267952016008,0.37236805070364454,1.0726804472742524,0.8333333333333334,0.09375,4,1,1,0.37236805070364454,0.3390957446808511
geometry_contextualization.per_layer.self_similarity_raw.slope,6,0.011532330015344601,0.008391367080852807,0.00952766263097005,0.37095823621169816,1.2104049505130776,1.0,0.03125,4,1,1,0.37095823621169816,0.2361111111111111
interpretability_activation_sinks.massive_activation_fraction_per_layer.q50,6,7.720355836983332e-05,6.512229446999914e-07,0.0001552770859443107,0.364378396023616,0.4971986555538656,0.5,0.25,4,1,1,0.364378396023616,0.6390977443609023
geometry_unembedding.unembedding_purity_mean,6,-0.01803232007447723,-0.00021984924623119628,0.04376858715252701,-0.3589240630419874,-0.4119922813966391,0.5,0.625,4,1,1,0.3589240630419874,0.8157389635316699
causality_circuit_quality.layer_importances.max,6,1.8906250000000002,0.5247395833333339,3.932733487872264,0.3587988249761001,0.4807406873184507,0.6666666666666666,0.15625,4,1,1,0.3587988249761001,0.46397379912663755
geometry_contextualization.per_layer.intra_sentence_similarity_raw.q75,6,0.06060114510357379,0.027131957039237042,0.09757960200470926,0.35764914854299723,0.6210431674096102,0.8333333333333334,0.0625,4,1,1,0.35764914854299723,0.27070063694267515
geometry_perplexity.bits_per_char,5,0.05324811218966019,0.04907597227455862,0.024323330587496736,0.3544927389189384,2.189178492563517,1.0,0.0625,4,1,0,0.3544927389189384,0.27070063694267515
interpretability_attention_rank.mean_normalised_effective_rank,6,0.05095367207665117,0.026182798365309456,0.08511721719522344,0.35096597272580926,0.5986294401493962,0.8333333333333334,0.0625,4,1,1,0.35096597272580926,0.27070063694267515
interpretability_attention_rank.layer_mean_normalised_rank.mean,6,0.050953672076651225,0.026182798365309568,0.0851172171952234,0.3507452382484141,0.5986294401493971,0.8333333333333334,0.0625,4,1,1,0.3507452382484141,0.27070063694267515
topology_betti_curve.simplification_ratio,6,-0.08333333333333333,0.0,0.2041241452319315,-0.3494386015991122,-0.408248290463863,0.16666666666666666,1.0,4,1,1,0.3494386015991122,1.0
edg_late,6,0.21944721944721945,0.12056277056277054,0.33291074452557523,0.3484777267252977,0.659177341241868,0.6666666666666666,0.1875,4,1,1,0.3484777267252977,0.5543478260869565
interpretability_prediction_entropy.median_entropy,6,-0.275390625,-0.046875,0.5990804619601141,-0.346859749077478,-0.4596888773487243,0.6666666666666666,0.125,4,1,1,0.346859749077478,0.4292929292929293
edg,6,0.1493132652439115,0.09714076246334312,0.16002985855175447,0.3438919743179918,0.9330337887890017,0.8333333333333334,0.0625,4,1,1,0.3438919743179918,0.27070063694267515
interpretability_attention_rank.mean_effective_rank,6,5.087873879964758,2.7842946140964813,8.36103065528884,0.34351229621401885,0.6085223329191337,0.8333333333333334,0.0625,4,1,1,0.34351229621401885,0.27070063694267515
geometry_contextualization.per_layer.self_similarity_corrected.q25,6,-0.044794651236361026,-0.01846004839077367,0.08149164980348728,-0.3431907013340898,-0.5496839411691985,0.8333333333333334,0.09375,4,1,1,0.3431907013340898,0.3390957446808511
interpretability_attention_rank.layer_mean_effective_rank.mean,6,5.08787387996476,2.7842946140964777,8.36103065528884,0.34305741850872773,0.6085223329191339,0.8333333333333334,0.0625,4,1,1,0.34305741850872773,0.27070063694267515
consistency_icl_slope.mean_nll_4shot,6,0.30213562647501624,0.0495338439941406,0.6658373104544328,0.3417964242204999,0.45376794260569325,0.6666666666666666,0.3125,4,1,1,0.3417964242204999,0.6611111111111111
geometry_matrix_entropy.layer_matrix_entropies.max,6,0.031405222415923806,0.00895140171051012,0.049265617286205224,0.33937973007492556,0.6374673483431116,0.8333333333333334,0.0625,4,1,1,0.33937973007492556,0.27070063694267515
geometry_contextualization.per_layer.intra_sentence_similarity_corrected.max,6,-0.011496958347658329,-0.008828323706984498,0.009393285310547932,-0.3383508218896516,-1.2239549814108313,1.0,0.03125,4,1,1,0.3383508218896516,0.2361111111111111
topology_betti_curve.betti_0_curve.mean,6,0.09573412698412698,0.03645833333333337,0.26304989553972796,0.33525799993001637,0.36393904201215854,0.6666666666666666,0.4375,4,1,1,0.33525799993001637,0.6611111111111111
interpretability_waa.layer_waa_alignments.q50,6,0.012216352469598268,0.012526106787845551,0.022430838448756884,0.3351726554306203,0.5446230865380468,0.6666666666666666,0.15625,4,1,1,0.3351726554306203,0.46397379912663755
geometry_cka.min_offdiag_cka,6,-0.027099600982571973,-0.025506732981391812,0.02774777090757198,-0.3334364498765335,-0.9766406488233211,0.8333333333333334,0.0625,4,1,1,0.3334364498765335,0.27070063694267515
geometry_contextualization.per_layer.mev.q75,6,-0.014200460347332605,0.0015551229862428018,0.037226051578188556,-0.32711102589907814,-0.3814656603455877,0.3333333333333333,1.0,4,1,1,0.32711102589907814,1.0
repe_task_vectors.layer_task_vector_cosine_sim.q50,6,-0.015843113263448044,-0.007789552211761475,0.029706230716509345,-0.3254574703446804,-0.5333262713348272,0.8333333333333334,0.15625,4,1,1,0.3254574703446804,0.46397379912663755
causality_attention_knockout.per_head_impacts.max,6,0.31467013888888906,0.2721354166666671,0.34522810630775425,0.32164098951717135,0.9114847057335933,0.8333333333333334,0.09375,4,1,1,0.32164098951717135,0.3390957446808511
causality_attention_knockout.max_knockout_impact,6,0.31467013888888906,0.2721354166666671,0.34522810630775425,0.32164098951717135,0.9114847057335933,0.8333333333333334,0.09375,4,1,1,0.32164098951717135,0.3390957446808511
topology_homology.mean_persistence_h1.min,6,-0.024760658128394012,-0.00596100091934205,0.053284300356625694,-0.3158762278466772,-0.4646895607650617,0.6666666666666666,0.15625,4,1,1,0.3158762278466772,0.46397379912663755
interpretability_activation_sinks.sink_epsilon_fraction,6,0.0014702244273697167,0.0019527662429026996,0.0010108197881689726,0.3152425482896337,1.454487184142806,0.8333333333333334,0.0625,4,1,1,0.3152425482896337,0.27070063694267515
geometry_schatten.rankme_per_layer.slope,6,0.14998951613353742,0.02946184069285005,0.24579231211876582,0.3138989632573751,0.610228671680598,1.0,0.03125,4,1,1,0.3138989632573751,0.2361111111111111
geometry_contextualization.per_layer.self_similarity_raw.q50,6,0.03933191796470231,0.01654052875984313,0.07296007676365601,0.31324049015180006,0.5390882207006521,0.8333333333333334,0.15625,4,1,1,0.31324049015180006,0.46397379912663755
causality_circuit_quality.circuit_quality_score,6,0.05131938398094349,0.02335689802974708,0.12079289515664135,0.31110669798504187,0.4248543253673466,0.8333333333333334,0.3125,4,1,1,0.31110669798504187,0.6611111111111111
causality_tracing.aie.mean,6,-0.04442134793592869,0.01193020741144818,0.15132458993315798,-0.31033997823202314,-0.29355009622395256,0.3333333333333333,1.0,4,1,1,0.31033997823202314,1.0
causality_edge_attribution.attribution_gini,6,-0.021396235572781763,-0.028533258483239787,0.0469508263797227,-0.30943242000345367,-0.455715846186308,0.5,0.4375,4,1,1,0.30943242000345367,0.6611111111111111
geometry_neural_collapse.nc2_equinorm_cv,6,-0.0156826399204178,0.00021933535435710722,0.03403621180928481,-0.30912734491509986,-0.46076337778987786,0.5,0.84375,4,1,1,0.30912734491509986,0.9359706362153344
interpretability_logit_lens.entropy.q75,6,0.8006450469295184,0.5608266901969912,0.5702700503220783,0.309002493617161,1.4039752683440563,1.0,0.03125,4,1,1,0.309002493617161,0.2361111111111111
geometry_rsa.rsa_first_middle,6,-0.054202948938820134,0.00925767924117582,0.18123364744352422,-0.30708940018691494,-0.29907773585868364,0.5,0.84375,4,1,1,0.30708940018691494,0.9359706362153344
consistency_position_sensitivity.mean_nll_across_positions,6,0.059257812499999986,-0.016562500000000036,0.3381458654822997,0.30630590472442154,0.17524334480766215,0.3333333333333333,0.6875,4,1,1,0.30630590472442154,0.8333333333333334
geometry_perplexity.mean_nll_nats,5,0.15606291969723357,0.14136944050656997,0.07488546092680128,0.3037684422334377,2.084021621363609,1.0,0.0625,4,1,0,0.3037684422334377,0.27070063694267515
interpretability_attention_rank.layer_mean_normalised_rank.max,6,0.03971371477276583,0.01424779820435379,0.08284089724157483,0.2996401527387505,0.4793974485447142,0.8333333333333334,0.3125,4,1,1,0.2996401527387505,0.6611111111111111
topology_betti_curve.betti_1_curve.q75,6,-0.6666666666666666,-1.0,1.8618986725025255,-0.29910882545670475,-0.35805743701971643,0.6666666666666666,0.53125,4,1,1,0.29910882545670475,0.7470703125
geometry_rsa.rsa_min_continuity_layer,6,-6.0,0.0,14.696938456699069,-0.29833693903269043,-0.408248290463863,0.16666666666666666,1.0,4,1,1,0.29833693903269043,1.0
geometry_hsic.input_to_layer_hsic.min,6,-0.023975429659557693,-0.021248365986678314,0.020356401861743117,-0.2969782800883813,-1.1777832753742208,0.8333333333333334,0.0625,4,1,1,0.2969782800883813,0.27070063694267515
interpretability_waa.layer_waa_alignments.min,6,0.0007486890729827227,7.586600258945001e-05,0.0019139345026323988,0.29581171846316534,0.39117800110347883,0.5,0.6875,4,1,1,0.29581171846316534,0.8333333333333334
topology_betti_curve.betti_0_curve.q75,6,0.16666666666666666,0.0,0.408248290463863,0.2952983663615644,0.408248290463863,0.16666666666666666,1.0,4,1,1,0.2952983663615644,1.0
interpretability_sparsity.layer_kurtosis.mean,6,-6250.285110170906,708.5826444756262,21648.889912883125,-0.294509816984123,-0.2887115752965882,0.16666666666666666,0.4375,4,1,1,0.294509816984123,0.6611111111111111
interpretability_sparsity.global_mean_kurtosis,6,-6250.285110170906,708.5826444756262,21648.889912883125,-0.294509816984123,-0.2887115752965882,0.16666666666666666,0.4375,4,1,1,0.294509816984123,0.6611111111111111
interpretability_head_roles.max_duplicate_token_score,6,-0.025618125067816855,-0.029394371396019414,0.05417273790119124,-0.28999137838406885,-0.47289699690909515,0.8333333333333334,0.3125,4,1,1,0.28999137838406885,0.6611111111111111
geometry_contextualization.per_layer.anisotropy_baseline.min,6,0.04296193023522695,0.04477185755968094,0.040195394587566886,0.2896241769900783,1.0688271797315756,0.8333333333333334,0.0625,4,1,1,0.2896241769900783,0.27070063694267515
interpretability_attention_rank.layer_mean_effective_rank.max,6,3.8770664133131496,1.4004995667934352,8.03343227629959,0.2889882357568404,0.482616430930943,0.8333333333333334,0.3125,4,1,1,0.2889882357568404,0.6611111111111111
geometry_contextualization.per_layer.anisotropy_baseline.mean,6,0.05046740025281906,0.024360346794128407,0.08632120818115589,0.2852170411884175,0.5846465928385396,0.8333333333333334,0.09375,4,1,1,0.2852170411884175,0.3390957446808511
geometry_contextualization.mean_anisotropy_baseline,6,0.05046740025281906,0.024360346794128407,0.08632120818115589,0.2852170411884175,0.5846465928385396,0.8333333333333334,0.09375,4,1,1,0.2852170411884175,0.3390957446808511
geometry_contextualization.per_layer.self_similarity_raw.mean,6,0.02722879853410067,0.01746643003454479,0.03358768545314747,0.2847152562471208,0.8106780257926074,0.8333333333333334,0.0625,4,1,1,0.2847152562471208,0.27070063694267515
causality_tracing.causal_entropy,6,-0.1690736798264646,0.02320607477084402,0.4891314774940492,-0.2845142360526229,-0.3456610085547429,0.3333333333333333,0.6875,4,1,1,0.2845142360526229,0.8333333333333334
geometry_contextualization.per_layer.intra_sentence_similarity_raw.q25,6,0.05940774547557038,0.013285966441035302,0.13186564729718245,0.28215042094753134,0.45051722486664453,0.8333333333333334,0.21875,4,1,1,0.28215042094753134,0.5765503875968992
geometry_contextualization.per_layer.anisotropy_baseline.q25,6,0.06484036147594452,0.019077152013778687,0.13322720405553184,0.2815645397498812,0.4866901015870431,0.8333333333333334,0.15625,4,1,1,0.2815645397498812,0.46397379912663755
repe_task_vectors.layer_task_vector_cosine_sim.max,6,-8.180737495427914e-05,-1.0222196579090514e-05,0.00018302316305165623,-0.27931631989040867,-0.4469782599658707,0.5,0.4375,4,1,1,0.27931631989040867,0.6611111111111111
topology_betti_curve.betti_0_decay_rate,6,-0.17418922960304614,0.035000000000000475,0.4751294516047843,-0.27922145654327035,-0.36661425431471223,0.3333333333333333,0.8125,4,1,1,0.27922145654327035,0.9359706362153344
interpretability_waa.mean_waa_alignment,6,0.01144391863865455,0.0067630125602590515,0.02487816929292258,0.27689747350479726,0.45999842287069537,0.5,0.5625,4,1,1,0.27689747350479726,0.7470703125
geometry_perplexity.ppl_rare,5,9.977083989824365,5.909741946551009,8.710427034821686,0.2746984612060919,1.1454184679969148,1.0,0.0625,4,1,0,0.2746984612060919,0.27070063694267515
repe_refusal_direction.best_layer,6,0.8333333333333334,1.0,1.3291601358251257,0.27408063103344665,0.626962328219399,0.6666666666666666,0.3125,4,1,1,0.27408063103344665,0.6611111111111111
consistency_format_robustness.top1_agreement_rate,6,0.041666666666666664,0.0,0.10206207261596575,0.2728155133585086,0.408248290463863,0.16666666666666666,1.0,4,1,1,0.2728155133585086,1.0
topology_homology.max_persistence_h0.std,6,-2.1864778165562853,-0.978467121977058,3.983126053475727,-0.2708609618389979,-0.5489351296448016,0.6666666666666666,0.21875,4,1,1,0.2708609618389979,0.5765503875968992
causality_attention_knockout.per_head_impacts.slope,6,-0.0010243869299867243,-0.0006662478370707799,0.001354064341035717,-0.2705681009157874,-0.7565275141971289,1.0,0.03125,4,1,1,0.2705681009157874,0.2361111111111111
causality_tracing.aie.slope,6,0.004354482178083565,-0.0012708133765359994,0.01308232629711334,0.269629621150127,0.3328522832399003,0.3333333333333333,1.0,4,1,1,0.269629621150127,1.0
geometry_contextualization.per_layer.mev.q25,6,-0.011439894200217396,-0.004361676462557862,0.019136609904813123,-0.26744869183895026,-0.5978015049227765,1.0,0.03125,4,1,1,0.26744869183895026,0.2361111111111111
interpretability_waa.layer_waa_alignments.mean,6,0.01144391863865455,0.0067630125602590515,0.02487816929292258,0.26351277413291513,0.45999842287069537,0.5,0.5625,4,1,1,0.26351277413291513,0.7470703125
interpretability_logit_lens.entropy.max,6,0.6944137708346049,0.26044712066650444,1.2333052115159868,0.2626677800941916,0.5630510309617738,1.0,0.03125,4,1,1,0.2626677800941916,0.2361111111111111
geometry_hsic.adjacent_hsic.max,6,-0.0011251880113724577,-0.0005544490587379713,0.0023593398078581465,-0.26240931099609655,-0.476907992492156,0.5,0.5625,4,1,1,0.26240931099609655,0.7470703125
consistency_position_sensitivity.nll_at_0.5,6,0.050227864583333316,-0.024218750000000067,0.3042735172524684,0.26069924283348944,0.16507471644881,0.3333333333333333,0.5625,4,1,1,0.26069924283348944,0.7470703125
dynamics_gradient_flow.gradient_norm_min,6,0.046668104905014225,0.023139823228120734,0.05045534490157772,0.2604053640830738,0.9249387749910105,1.0,0.03125,4,1,1,0.2604053640830738,0.2361111111111111
dynamics_gradient_flow.gradient_norm_per_layer.min,6,0.046668104905014225,0.023139823228120734,0.05045534490157772,0.2604053640830738,0.9249387749910105,1.0,0.03125,4,1,1,0.2604053640830738,0.2361111111111111
topology_homology.num_loops_h1.std,6,-0.1732571204470146,-0.40824829046386296,1.0403971559174177,-0.25785307103656874,-0.1665297905339209,0.6666666666666666,0.6875,4,1,1,0.25785307103656874,0.8333333333333334
geometry_contextualization.per_layer.intra_sentence_similarity_raw.mean,6,0.04086378605663769,0.01498132036626329,0.08231888967093223,0.254288454606075,0.4964083726103411,0.8333333333333334,0.21875,4,1,1,0.254288454606075,0.5765503875968992
topology_homology.max_persistence_h0.slope,6,-2.6054107919335365,-0.7783568277955091,5.066852147133471,-0.2539277544723132,-0.5142069901146663,0.6666666666666666,0.15625,4,1,1,0.2539277544723132,0.46397379912663755
geometry_contextualization.per_layer.self_similarity_raw.std,6,-0.010142558542882651,-0.010372402304669646,0.0048813698864140975,-0.2526530990996857,-2.077809872821065,1.0,0.03125,4,1,1,0.2526530990996857,0.2361111111111111
causality_circuit_quality.layer_importances.q75,6,-0.5989583333333329,-0.12760416666666652,1.0936842738188253,-0.24859041955310082,-0.5476519573989537,0.8333333333333334,0.0625,4,1,1,0.24859041955310082,0.27070063694267515
interpretability_superposition.polysemanticity_per_layer.max,6,0.03695815463123293,-0.0010502456573507624,0.09572877648502015,0.24488296506598753,0.3860715240313995,0.3333333333333333,0.6875,4,1,1,0.24488296506598753,0.8333333333333334
interpretability_sparsity.layer_kurtosis.min,6,-39.23265281051615,-7.285509479971438,78.79065345924988,-0.24482310812930239,-0.4979353652753632,0.8333333333333334,0.0625,4,1,1,0.24482310812930239,0.27070063694267515
dynamics_coe.per_sample_mean_angle.slope,6,0.0014352382035068168,0.00264240088872595,0.004313413485730497,0.24467992710285402,0.3327383772167514,0.6666666666666666,0.5625,4,1,1,0.24467992710285402,0.7470703125
interpretability_logit_lens.entropy.slope,6,0.03258914945494291,0.02325448975070675,0.026507871435575498,0.24106404070860024,1.2294140453392228,1.0,0.03125,4,1,1,0.24106404070860024,0.2361111111111111
interpretability_attention_rank.layer_min_effective_rank.max,6,0.9605023463567096,0.0707994699478145,2.708011360271462,0.23983126575649683,0.35468918648126535,0.6666666666666666,0.6875,4,1,1,0.23983126575649683,0.8333333333333334
geometry_hsic.adjacent_hsic.q50,6,-0.005556315233439209,9.48775353470932e-06,0.017370734987317445,-0.23936635528189848,-0.3198664441945567,0.3333333333333333,0.84375,4,1,1,0.23936635528189848,0.9359706362153344
interpretability_sparsity.layer_kurtosis.std,6,-8256.112670753946,4066.2620615097385,36380.52086207165,-0.2373582302876767,-0.22693772587960168,0.16666666666666666,0.4375,4,1,1,0.2373582302876767,0.6611111111111111
interpretability_activation_sinks.valley_layer,6,-2.5,0.0,6.123724356957945,-0.2350882741626383,-0.408248290463863,0.16666666666666666,1.0,4,1,1,0.2350882741626383,1.0
geometry_collapse.max_drop,6,-45.03042493874259,-17.380577853693154,57.28827706090348,-0.2331583875122041,-0.7860321037560704,0.8333333333333334,0.0625,4,1,1,0.2331583875122041,0.27070063694267515
topology_homology.max_persistence_h0.max,6,-4.501850763956706,-1.5713233947753906,8.38075277101943,-0.23288524994466447,-0.5371654416920717,0.6666666666666666,0.15625,4,1,1,0.23288524994466447,0.46397379912663755
topology_homology.mean_persistence_h0.std,6,-1.4064710431328091,-0.2993661005265711,2.9573985155872236,-0.23015078575736536,-0.47557711134291925,0.6666666666666666,0.21875,4,1,1,0.23015078575736536,0.5765503875968992
interpretability_attention_rank.layer_mean_normalised_rank.q50,6,0.04018438737672358,0.042531740353615455,0.032211408409658845,0.22973953632507696,1.2475203463836735,0.8333333333333334,0.0625,4,1,1,0.22973953632507696,0.27070063694267515
geometry_contextualization.per_layer.mev.mean,6,-0.010653706936065691,-0.0001920928884917017,0.024949491233405185,-0.2295046039903786,-0.42701098937846516,0.5,0.6875,4,1,1,0.2295046039903786,0.8333333333333334
geometry_contextualization.mean_mev,6,-0.010653706936065691,-0.0001920928884917017,0.024949491233405185,-0.2295046039903786,-0.42701098937846516,0.5,0.6875,4,1,1,0.2295046039903786,0.8333333333333334
topology_homology.mean_persistence_h0.max,6,-3.137861988000701,-0.755616137855931,6.497634615340694,-0.22915473071301423,-0.48292373667677707,0.6666666666666666,0.15625,4,1,1,0.22915473071301423,0.46397379912663755
interpretability_sparsity.layer_kurtosis.slope,6,451.42000267234135,15.868694177235824,1816.541367893438,0.2280722642579765,0.24850521471791914,0.6666666666666666,0.84375,4,1,1,0.2280722642579765,0.9359706362153344
geometry_contextualization.per_layer.self_similarity_raw.min,6,0.024854990289126095,0.027561901889532225,0.026084293491576045,0.22731390956261555,0.9528718996032246,0.8333333333333334,0.09375,4,1,1,0.22731390956261555,0.3390957446808511
causality_circuit_quality.circuit_faithfulness,6,0.042736083567999926,0.019724346262153816,0.09463228822193852,0.2246122840410388,0.4516015027320502,0.8333333333333334,0.3125,4,1,1,0.2246122840410388,0.6611111111111111
causality_circuit_quality.layer_importances.q50,6,-0.5190972222222215,0.1119791666666674,1.6647333078906255,-0.22357025058489444,-0.3118200493507076,0.16666666666666666,0.4375,4,1,1,0.22357025058489444,0.6611111111111111
dynamics_coe.per_sample_coe_c.slope,6,0.004355914027502519,0.0004314636743848585,0.00964273883969994,0.22276905842250708,0.4517299597048991,0.6666666666666666,0.21875,4,1,1,0.22276905842250708,0.5765503875968992
geometry_contextualization.per_layer.self_similarity_corrected.mean,6,-0.023238601718718402,-0.004630627967497691,0.05314059389581325,-0.2224364108507493,-0.43730414011329455,0.8333333333333334,0.3125,4,1,1,0.2224364108507493,0.6611111111111111
geometry_contextualization.mean_self_similarity_corrected,6,-0.023238601718718402,-0.004630627967497691,0.05314059389581325,-0.2224364108507493,-0.43730414011329455,0.8333333333333334,0.3125,4,1,1,0.2224364108507493,0.6611111111111111
geometry_contextualization.per_layer.intra_sentence_similarity_corrected.q25,6,-0.005432616000374167,-0.005791185572743402,0.0018896793228830467,-0.22061563562816328,-2.8748877836508955,1.0,0.03125,4,1,1,0.22061563562816328,0.2361111111111111
geometry_positional_decay.layer_positional_decay.q50,6,-0.022879000141135742,0.0058143940076061384,0.06804356135648416,-0.2197311790871127,-0.33624048602146694,0.3333333333333333,1.0,4,1,1,0.2197311790871127,1.0
interpretability_attention_rank.layer_mean_effective_rank.q50,6,3.933701841197907,4.389892397522928,2.94187475865009,0.21860994292447689,1.3371411647050968,0.8333333333333334,0.0625,4,1,1,0.21860994292447689,0.27070063694267515
geometry_hsic.input_to_layer_hsic.slope,6,0.0037421023205302163,0.0026033441375770006,0.0046046127301351564,0.21622280300456706,0.8126855698503828,0.8333333333333334,0.0625,4,1,1,0.21622280300456706,0.27070063694267515
geometry_cka.early_late_cka,6,0.022913982204509995,0.01874289382675251,0.03539163016780345,0.2161602502818334,0.6474407111474438,0.8333333333333334,0.15625,4,1,1,0.2161602502818334,0.46397379912663755
interpretability_activation_sinks.bos_attn_fraction,6,-0.04972737630208335,-0.01220703125,0.10711647863410634,-0.21564753819667404,-0.46423647356766207,0.6666666666666666,0.4375,4,1,1,0.21564753819667404,0.6611111111111111
topology_homology.mean_persistence_h0.slope,6,-1.7619528413603163,-0.37001536198352447,3.7357920393164985,-0.21504823937389256,-0.4716410396555917,0.6666666666666666,0.15625,4,1,1,0.21504823937389256,0.46397379912663755
geometry_schatten.schatten_1_per_layer.slope,6,6.0449880960486496e-05,2.2508141612272156e-05,9.210815171677018e-05,0.2132977218908203,0.6562924109732229,1.0,0.03125,4,1,1,0.2132977218908203,0.2361111111111111
causality_edge_attribution.mean_layer_attribution_profile.q50,6,0.005485231513501267,0.003970872346366599,0.008036298738646816,0.21260296361984374,0.6825569446693929,0.6666666666666666,0.3125,4,1,1,0.21260296361984374,0.6611111111111111
interpretability_sparsity.layer_kurtosis.max,6,-32129.010746827797,15465.318090896057,130289.9923320339,-0.2125006139642865,-0.24659615195117607,0.16666666666666666,0.4375,4,1,1,0.2125006139642865,0.6611111111111111
geometry_contextualization.per_layer.intra_sentence_similarity_raw.min,6,0.029551357539991552,0.02588494099676608,0.027332027577557864,0.21088106719640312,1.081198877622089,1.0,0.03125,4,1,1,0.21088106719640312,0.2361111111111111
topology_betti_curve.betti_0_curve.slope,6,-0.009989414907237181,0.0015217391304347995,0.02256302096834037,-0.20799534180097456,-0.4427339282826521,0.3333333333333333,0.8125,4,1,1,0.20799534180097456,0.9359706362153344
geometry_contextualization.per_layer.self_similarity_corrected.q75,6,-0.020073715084926034,0.002062442992083746,0.06622008224937054,-0.20736934596545437,-0.30313636593401916,0.5,0.84375,4,1,1,0.20736934596545437,0.9359706362153344
geometry_schatten.rankme_per_layer.q25,6,-1.6594347627196389,0.2744853359560082,5.378339574352269,-0.20236464395835907,-0.30854034777443184,0.16666666666666666,0.4375,4,1,1,0.20236464395835907,0.6611111111111111
geometry_hsic.input_to_layer_hsic.std,6,-0.011961234324574613,8.678725652934427e-05,0.03236569274414675,-0.20069543517211866,-0.3695652189226745,0.5,1.0,4,1,1,0.20069543517211866,1.0
geometry_perplexity.ppl_overall,5,2.1677988739155314,1.7795559143660018,1.4527488253108785,0.20032182813614294,1.4922048713077687,1.0,0.0625,4,1,0,0.20032182813614294,0.27070063694267515
geometry_cka.max_offdiag_cka,6,-0.0009147428211180494,0.00010639645592308566,0.002461344166728729,-0.1987038247350985,-0.37164360575132255,0.3333333333333333,1.0,4,1,1,0.1987038247350985,1.0
geometry_cka.max_adjacent_cka,6,-0.0009147428211180494,0.00010639645592308566,0.002461344166728729,-0.1987038247350985,-0.37164360575132255,0.3333333333333333,1.0,4,1,1,0.1987038247350985,1.0
interpretability_attention_rank.layer_mean_effective_rank.slope,6,0.26406108984333304,0.2021243596857475,0.28699903434448243,0.19863253197950978,0.9200765795134447,0.8333333333333334,0.0625,4,1,1,0.19863253197950978,0.27070063694267515
topology_betti_curve.betti_1_curve.std,6,-0.07561810246342397,-0.010968723833294058,0.21185352467227267,-0.19657999927678135,-0.3569357771148796,0.5,0.6875,4,1,1,0.19657999927678135,0.8333333333333334
geometry_positional_decay.layer_positional_decay.q25,6,-0.022447466845922887,0.013938507075257733,0.09152874635816059,-0.19565506793618484,-0.24525045670443074,0.16666666666666666,0.4375,4,1,1,0.19565506793618484,0.6611111111111111
interpretability_attention_entropy.max_normalized_entropy_head,6,-0.008813830405647186,-0.003764099235706364,0.01246950296228668,-0.19561781004156298,-0.7068309324200113,1.0,0.03125,4,1,1,0.19561781004156298,0.2361111111111111
interpretability_attention_entropy.max_entropy_head,6,-0.043867468833923194,-0.018435955047606978,0.0627230429937816,-0.19556314616585188,-0.6993836194821134,1.0,0.03125,4,1,1,0.19556314616585188,0.2361111111111111
topology_homology.max_persistence_h0.min,6,0.7089708199103674,-0.011392042040824918,1.7769016095826,0.19335770084584025,0.398992727614731,0.16666666666666666,0.4375,4,1,1,0.19335770084584025,0.6611111111111111
topology_homology.max_persistence_h0.q25,6,0.7089708199103674,-0.011392042040824918,1.7769016095826,0.19335770084584025,0.398992727614731,0.16666666666666666,0.4375,4,1,1,0.19335770084584025,0.6611111111111111
interpretability_attention_rank.layer_mean_normalised_rank.slope,6,0.002533194648494183,0.0022670678506587,0.0027571182410197547,0.19269202081880946,0.9187834641278385,0.8333333333333334,0.0625,4,1,1,0.19269202081880946,0.27070063694267515
topology_betti_curve.betti_1_curve.q50,6,0.3333333333333333,0.0,1.8618986725025257,0.19257955499156112,0.1790287185098582,0.3333333333333333,0.75,4,1,1,0.19257955499156112,0.9058614564831261
geometry_contextualization.per_layer.intra_sentence_similarity_corrected.q50,6,-0.007491112686693648,-0.006667090654373098,0.002725512564545267,-0.19082286682937377,-2.7485151909191394,1.0,0.03125,4,1,1,0.19082286682937377,0.2361111111111111
topology_homology.mean_persistence_h1.std,6,0.06264931721406132,0.1114978885896617,0.22758317329260935,0.1862594771513138,0.27528097226024495,0.8333333333333334,0.4375,4,1,1,0.1862594771513138,0.6611111111111111
geometry_contextualization.per_layer.intra_sentence_similarity_corrected.min,6,0.0016176901012658837,-0.00038421217352149984,0.005255145562771943,0.1830504385489752,0.30782974171558386,0.5,0.84375,4,1,1,0.1830504385489752,0.9359706362153344
topology_homology.mean_persistence_h0.mean,6,-1.2290599883822668,-0.29281700128003063,2.4752226457195765,-0.1822882123410397,-0.49654522614670266,0.8333333333333334,0.0625,4,1,1,0.1822882123410397,0.27070063694267515
interpretability_attention_rank.layer_max_effective_rank.slope,6,0.32220845601490994,0.163985202693139,0.575697942744791,0.18105779267762673,0.5596831812159977,0.8333333333333334,0.15625,4,1,1,0.18105779267762673,0.46397379912663755
geometry_neural_collapse.nc1_within_class_collapse,6,0.03589187882872048,0.00024659487644659514,0.09037323363485712,0.1797051753694959,0.39715164972117273,0.5,1.0,4,1,1,0.1797051753694959,1.0
geometry_perplexity.ppl_freq,5,1.0191055458559448,0.8570767279700444,0.6686040142148307,0.1789943007008919,1.524228877166887,1.0,0.0625,4,1,0,0.1789943007008919,0.27070063694267515
causality_tracing.aie.min,6,0.0002848280710168183,0.0,0.000697683438412415,0.17562842976249432,0.408248290463863,0.16666666666666666,1.0,4,1,1,0.17562842976249432,1.0
geometry_prediction_alignment.prediction_alignment_mean,6,-0.031249733040833214,-0.004325520677339156,0.060751588694506926,-0.17461491941449894,-0.5143854459177093,1.0,0.03125,4,1,1,0.17461491941449894,0.2361111111111111
causality_edge_attribution.mean_layer_attribution_profile.q25,6,0.005946852677829848,0.007526640541106394,0.006199301585424168,0.17208783097034924,0.9592778470097535,0.8333333333333334,0.09375,4,1,1,0.17208783097034924,0.3390957446808511
geometry_hsic.adjacent_hsic.mean,6,-0.010296921402738857,-0.009353947235913151,0.010322429197286011,-0.17072934677006868,-0.9975288961484123,0.8333333333333334,0.0625,4,1,1,0.17072934677006868,0.27070063694267515
consistency_icl_slope.icl_relative_gain,6,-0.0320711677646263,-0.026854678863769466,0.043725761999241705,-0.16890079072755035,-0.7334616093181515,0.6666666666666666,0.3125,4,1,1,0.16890079072755035,0.6611111111111111
topology_betti_curve.betti_1_curve.slope,6,-0.014862960600149418,-0.004983388704318949,0.04933639193465482,-0.1688633869083652,-0.30125755081229183,0.5,1.0,4,1,1,0.1688633869083652,1.0
dynamics_gradient_flow.gradient_flow_slope,6,-0.22044677579287955,-0.03278626583759969,0.5415472333149306,-0.16825880015583217,-0.40706841847104636,0.6666666666666666,0.4375,4,1,1,0.16825880015583217,0.6611111111111111
geometry_hsic.avg_adjacent_hsic,6,-0.010296921402738857,-0.009353947235913151,0.010322429197286011,-0.16717725720342358,-0.9975288961484123,0.8333333333333334,0.0625,4,1,1,0.16717725720342358,0.27070063694267515
interpretability_induction_heads.induction_acc_after_random_ablation,5,-0.03466666666666669,-0.010000000000000009,0.060258701538542236,-0.16484212033761944,-0.5752972729505871,0.8,0.125,4,1,0,0.16484212033761944,0.4292929292929293
causality_ablation.degradation_25pct,6,-0.3296875000000006,0.04843749999999902,1.7438524835475622,-0.162880839548126,-0.18905698911487578,0.3333333333333333,0.6875,4,1,1,0.162880839548126,0.8333333333333334
interpretability_head_roles.max_previous_token_score,6,0.04803576414612517,0.0010608344242491047,0.07669928343946676,0.16236242106046483,0.6262870002434423,0.5,0.6875,4,1,1,0.16236242106046483,0.8333333333333334
interpretability_activation_sinks.valley_layer_norm,6,-0.06097560975609756,0.0,0.14935913065751086,-0.15985522894324558,-0.408248290463863,0.16666666666666666,1.0,4,1,1,0.15985522894324558,1.0
repe_task_vectors.max_norm_layer,6,3.0,0.0,7.3484692283495345,0.15921111870417856,0.408248290463863,0.16666666666666666,1.0,4,1,1,0.15921111870417856,1.0
geometry_schatten.matrix_nuclear_norm_per_layer.slope,6,2.7949124210215477e-05,2.474049804199993e-06,8.019467393109291e-05,0.15850674575705434,0.348515965464623,0.6666666666666666,0.5625,4,1,1,0.15850674575705434,0.7470703125
interpretability_logit_lens.entropy.std,6,0.11813708282558273,-0.026190992249751965,0.30611061545781826,0.15830091354504552,0.3859293891160789,0.3333333333333333,1.0,4,1,1,0.15830091354504552,1.0
dynamics_coe.per_sample_coe_r.slope,6,0.0031805649868035172,0.00175357506589815,0.00754683903161456,0.15820909183200527,0.42144333190091526,0.6666666666666666,0.4375,4,1,1,0.15820909183200527,0.6611111111111111
interpretability_superposition.polysemanticity_per_layer.std,6,0.00871652070371715,0.0005800628460004981,0.020711073930766887,0.15606384374421287,0.42086280667312537,0.6666666666666666,0.3125,4,1,1,0.15606384374421287,0.6611111111111111
causality_edge_attribution.mean_layer_attribution_profile.std,6,-0.001049254011474366,-0.0010451570461482984,0.003956665895647418,-0.15476954830250822,-0.26518640672405813,0.6666666666666666,0.6875,4,1,1,0.15476954830250822,0.8333333333333334
geometry_weight_norms.stable_rank_per_layer.min,6,-4.233586798870074,0.04888721008489583,11.404484310173537,-0.15456109067762638,-0.3712212392710682,0.3333333333333333,0.6875,4,1,1,0.15456109067762638,0.8333333333333334
topology_homology.max_persistence_h0.mean,6,-1.465613231062889,-0.22226358453432837,3.020187308256113,-0.150846831037452,-0.48527229654148474,0.6666666666666666,0.4375,4,1,1,0.150846831037452,0.6611111111111111
repe_task_vectors.layer_task_vector_cosine_sim.std,6,0.0038020098583168827,0.0023984977396407994,0.004276516464326682,0.1492692466165215,0.8890436620628074,1.0,0.03125,4,1,1,0.1492692466165215,0.2361111111111111
geometry_prediction_alignment.prediction_alignment_std,6,0.0031734571076259843,-0.00036270243157210044,0.009699326815865099,0.14795826730190975,0.3271832332152361,0.16666666666666666,0.4375,4,1,1,0.14795826730190975,0.6611111111111111
topology_homology.mean_persistence_h1.q25,6,0.014115023364623383,0.0032937092085679495,0.03382567203491035,0.14610597911207318,0.4172873003101235,0.6666666666666666,0.5625,4,1,1,0.14610597911207318,0.7470703125
topology_homology.mean_persistence_h0.q25,6,0.3860436947199335,-0.010160048541269798,0.9791432293066127,0.14576069734625144,0.3942668275338156,0.16666666666666666,0.4375,4,1,1,0.14576069734625144,0.6611111111111111
topology_homology.mean_persistence_h0.min,6,0.3860436947199335,-0.010160048541269798,0.9791432293066127,0.14576069734625144,0.3942668275338156,0.16666666666666666,0.4375,4,1,1,0.14576069734625144,0.6611111111111111
geometry_contextualization.per_layer.self_similarity_raw.q25,6,0.020045710239583514,0.0007796616456420824,0.05182201101774718,0.1446730844936474,0.38681845505220896,0.5,0.6875,4,1,1,0.1446730844936474,0.8333333333333334
geometry_mahalanobis.mean_mahalanobis_ood,6,4.5217240651448565,2.3049240112304688,9.448971643916455,0.1415845758077566,0.47854139429618087,0.6666666666666666,0.3125,4,1,1,0.1415845758077566,0.6611111111111111
repe_task_vectors.layer_task_vector_cosine_sim.slope,6,-0.00021527759355603022,-0.00016606385331319296,0.00029490284055037734,-0.14126564291420332,-0.7299949812428308,0.8333333333333334,0.09375,4,1,1,0.14126564291420332,0.3390957446808511
topology_homology.mean_persistence_h1.max,6,0.10824612625061521,0.24981323877970388,0.5291498424696576,0.14111171883838636,0.2045661125880846,0.8333333333333334,0.4375,4,1,1,0.14111171883838636,0.6611111111111111
geometry_hsic.adjacent_hsic.min,6,-0.026253971781090558,-0.029905462115917596,0.10231063172864563,-0.14062971930646492,-0.25661039656878387,0.8333333333333334,0.4375,4,1,1,0.14062971930646492,0.6611111111111111
geometry_hsic.input_to_layer_hsic.q75,6,0.04604337242282314,0.04098493512072085,0.049228434469223877,0.14029027593066024,0.9353003588121019,0.8333333333333334,0.09375,4,1,1,0.14029027593066024,0.3390957446808511
interpretability_logit_lens.entropy.mean,6,0.33678265975836297,0.32202273252109714,0.20302913328610422,0.13975327092936302,1.6587898214773749,1.0,0.03125,4,1,1,0.13975327092936302,0.2361111111111111
geometry_lid.lid_min,6,0.04656184444809903,0.007119122520864746,0.11465984152488469,0.13798873829061556,0.40608676785929176,0.6666666666666666,0.5625,4,1,1,0.13798873829061556,0.7470703125
geometry_hsic.min_adjacent_hsic,6,-0.026253971781090558,-0.029905462115917596,0.10231063172864563,-0.13786672394125,-0.25661039656878387,0.8333333333333334,0.4375,4,1,1,0.13786672394125,0.6611111111111111
geometry_collapse.erank_per_layer.std,6,6.17215803027052,8.109723652355783,5.438395623952306,0.1370838773062891,1.134922586927385,0.8333333333333334,0.09375,4,1,1,0.1370838773062891,0.3390957446808511
causality_ablation.degradation_10pct,6,0.36093750000000013,0.08046875000000009,0.7043600264601904,0.13569367671358415,0.5124332535080338,1.0,0.03125,4,1,1,0.13569367671358415,0.2361111111111111
geometry_contextualization.per_layer.self_similarity_corrected.min,6,-0.01347795456596308,0.003799164253357447,0.07207480197251549,-0.13532901737723602,-0.1869995365523539,0.5,0.84375,4,1,1,0.13532901737723602,0.9359706362153344
geometry_lid.lid_median_norm,6,0.0006444363878913001,0.00025256895528524967,0.0010388203927262597,0.1352045175202901,0.6203540019079276,0.8333333333333334,0.09375,4,1,1,0.1352045175202901,0.3390957446808511
geometry_contextualization.per_layer.self_similarity_corrected.max,6,-0.02325448300187188,-0.008360670481207033,0.045122627904738116,-0.13460535499350104,-0.5153618945014955,0.8333333333333334,0.09375,4,1,1,0.13460535499350104,0.3390957446808511
geometry_lid.lid_mean_norm,6,0.0008959167544203497,0.00015835697562945018,0.0020300052846489052,0.13325825451558715,0.44133715374800164,0.8333333333333334,0.21875,4,1,1,0.13325825451558715,0.5765503875968992
repe_task_vectors.layer_task_vector_cosine_sim.mean,6,-0.004349665701507595,-0.0033133433510859622,0.00620809904706547,-0.13241798958091858,-0.7006437346652281,0.8333333333333334,0.15625,4,1,1,0.13241798958091858,0.46397379912663755
interpretability_attention_rank.layer_min_effective_rank.q25,6,0.5780454874038695,0.3933601379394531,0.9634144450339394,0.13193227217737308,0.5999966996379279,0.6666666666666666,0.21875,4,1,1,0.13193227217737308,0.5765503875968992
geometry_hsic.input_to_layer_hsic.max,6,-0.028109004267065456,-0.000839824431995817,0.06791639000816009,-0.12987994482992157,-0.41387659537982197,0.5,0.4375,4,1,1,0.12987994482992157,0.6611111111111111
geometry_matrix_entropy.layer_matrix_entropies_normalized.slope,6,0.0006346327339583498,0.00023917392434595,0.000761299497012368,0.12890262018543822,0.8336176976983338,1.0,0.03125,4,1,1,0.12890262018543822,0.2361111111111111
geometry_collapse.erank_per_layer.slope,6,0.7326969644488596,0.584943777691068,0.7849596830690018,0.1280671618523758,0.933419868883192,0.8333333333333334,0.09375,4,1,1,0.1280671618523758,0.3390957446808511
geometry_matrix_entropy.layer_matrix_entropies.slope,6,0.004858845610237082,0.0017161607794139002,0.005847033985323911,0.1271343471943965,0.8309932219365943,1.0,0.03125,4,1,1,0.1271343471943965,0.2361111111111111
geometry_weight_norms.stable_rank_per_layer.slope,6,0.23653579734734165,0.0032015278615059456,0.6050333977733046,0.12667638936156145,0.390946678675691,0.8333333333333334,0.3125,4,1,1,0.12667638936156145,0.6611111111111111
interpretability_activation_sinks.massive_activation_max_ratio_per_layer.slope,6,-46.03180750267461,-0.47048199815049285,109.20336448679598,-0.1262104183490271,-0.4215237114625751,0.5,0.4375,4,1,1,0.1262104183490271,0.6611111111111111
repe_refusal_direction.direction_norm,6,3.8114118576049805,4.110832214355469,11.922553615282647,0.12551350266834854,0.3196808318579848,0.8333333333333334,0.3125,4,1,1,0.12551350266834854,0.6611111111111111
repe_refusal_direction.mean_projection_gap,6,3.8114077250162786,4.110830307006836,11.922554284011737,0.1255133663597795,0.3196804673078666,0.8333333333333334,0.3125,4,1,1,0.1255133663597795,0.6611111111111111
geometry_schatten.rankme_per_layer.q50,6,-0.855709118575439,0.3637227374283043,4.415172921516189,-0.12535134379932844,-0.1938110089426769,0.16666666666666666,0.4375,4,1,1,0.12535134379932844,0.6611111111111111
interpretability_attention_rank.layer_mean_normalised_rank.q25,6,0.02418242869942543,0.016892680413694128,0.03607065806842234,0.12467001954399203,0.6704182844004076,0.8333333333333334,0.15625,4,1,1,0.12467001954399203,0.46397379912663755
geometry_hubness.hubness_k10_max,6,565.3333333333334,317.5,671.1481704263721,0.12180389996746471,0.8423375913759612,0.8333333333333334,0.0625,4,1,1,0.12180389996746471,0.27070063694267515
geometry_schatten.schatten_inf_last,6,-0.11117599407831798,-0.06593900918960527,0.1210612421356804,-0.12052180562082583,-0.9183450633499741,1.0,0.03125,4,1,1,0.12052180562082583,0.2361111111111111
geometry_contextualization.per_layer.self_similarity_raw.max,6,-0.0061442888319600915,0.0005390425866416138,0.014782109550242766,-0.12037620663074318,-0.4156571030052462,0.3333333333333333,1.0,4,1,1,0.12037620663074318,1.0
interpretability_induction_heads.induction_baseline_acc,5,-0.025333333333333253,-0.011666666666666603,0.04742537998442046,-0.11917602006025797,-0.5341724903765751,0.6,0.3125,4,1,0,0.11917602006025797,0.6611111111111111
causality_circuit_quality.layer_importances.slope,6,-0.01224828341475418,-0.01816902645405674,0.024791720026900978,-0.11896442587174046,-0.49404734328492833,0.6666666666666666,0.4375,4,1,1,0.11896442587174046,0.6611111111111111
dynamics_gradient_flow.gradient_norm_per_layer.q75,6,0.07032977665464084,0.04726754687726499,0.05919695496198104,0.11880599264920431,1.188064093834046,1.0,0.03125,4,1,1,0.11880599264920431,0.2361111111111111
geometry_collapse.erank_per_layer.q75,6,26.441449063900702,12.62980944737771,41.99097804949894,0.11842821563786111,0.6296935744800117,0.8333333333333334,0.0625,4,1,1,0.11842821563786111,0.27070063694267515
geometry_hubness.hubness_k10_top1pct,6,0.01605110563268556,0.010621576997422666,0.02964412073903477,0.11741728789993706,0.5414600005845271,0.6666666666666666,0.125,4,1,1,0.11741728789993706,0.4292929292929293
geometry_matrix_entropy.layer_matrix_entropies.q25,6,-0.12943813428282722,0.007373166084289506,0.38047314997221715,-0.11702854560368635,-0.3402030716025008,0.16666666666666666,0.4375,4,1,1,0.11702854560368635,0.6611111111111111
consistency_position_sensitivity.nll_at_0.75,6,0.01888020833333341,-0.02734374999999989,0.20797671300182055,0.11699121151123311,0.09078039584733767,0.3333333333333333,0.84375,4,1,1,0.11699121151123311,0.9359706362153344
interpretability_attention_rank.layer_mean_effective_rank.q25,6,2.301275407647091,1.7018128621578157,3.3294258805711903,0.11620401588928025,0.6911928633330287,0.8333333333333334,0.15625,4,1,1,0.11620401588928025,0.46397379912663755
interpretability_attention_rank.layer_min_effective_rank.slope,6,0.04380625230402193,0.05038464834142195,0.19941382979054786,0.11497852648011957,0.2196750965067636,0.6666666666666666,0.5625,4,1,1,0.11497852648011957,0.7470703125
geometry_schatten.rankme_per_layer.q75,6,0.7420336656380471,0.5785123058783768,4.07647669832822,0.11483570763800162,0.18202818770983242,0.8333333333333334,0.3125,4,1,1,0.11483570763800162,0.6611111111111111
interpretability_waa.layer_waa_alignments.max,6,0.029069574549794214,0.0177457928657532,0.11239417366140483,0.11466240228381712,0.2586395148681666,0.6666666666666666,0.5625,4,1,1,0.11466240228381712,0.7470703125
repe_task_vectors.layer_task_vector_cosine_sim.min,6,-0.011552184820175171,-0.014106035232543945,0.008262220609081326,-0.11287039997758556,-1.3981937020027906,1.0,0.03125,4,1,1,0.11287039997758556,0.2361111111111111
causality_ablation.degradation_1pct,6,0.06067708333333328,0.014062499999999999,0.12224070399642523,0.11213441378300634,0.4963738047116262,0.8333333333333334,0.0625,4,1,1,0.11213441378300634,0.27070063694267515
interpretability_sparsity.global_mean_l0,6,-0.01699947293529965,-0.0035545187769457365,0.027755692516404223,-0.11149371715060512,-0.6124679802261315,1.0,0.03125,4,1,1,0.11149371715060512,0.2361111111111111
interpretability_sparsity.layer_l0_rates.mean,6,-0.01699947293529965,-0.0035545187769457365,0.027755692516404223,-0.11149371715060512,-0.6124679802261315,1.0,0.03125,4,1,1,0.11149371715060512,0.2361111111111111
geometry_matrix_entropy.layer_matrix_entropies_normalized.q25,6,-0.017048632330158773,0.0009200246173446391,0.04985190911524823,-0.11008006959949228,-0.3419855454431152,0.16666666666666666,0.4375,4,1,1,0.11008006959949228,0.6611111111111111
interpretability_waa.layer_waa_alignments.std,6,0.007689976083669131,0.004953718868988698,0.0273183077799453,0.10996097443261889,0.28149533073620453,0.5,0.6875,4,1,1,0.10996097443261889,0.8333333333333334
geometry_matrix_entropy.layer_matrix_entropies.q50,6,-0.09589607293407121,0.013906979560851962,0.3537796717719005,-0.108932520869909,-0.2710615690657891,0.16666666666666666,0.4375,4,1,1,0.108932520869909,0.6611111111111111
interpretability_activation_sinks.entropy_per_layer.q50,6,-0.013522909934232283,0.0016509658292580554,0.047788936942451246,-0.10838510698597001,-0.2829715578422877,0.3333333333333333,0.5625,4,1,1,0.10838510698597001,0.7470703125
repe_refusal_direction.best_layer_fraction,6,0.020953108549318297,0.037868162692847096,0.048960197995029,0.10826883743881147,0.4279620877236995,0.6666666666666666,0.4375,4,1,1,0.10826883743881147,0.6611111111111111
geometry_schatten.rankme_last,6,0.9977957988723082,0.7501674270951284,0.6059784229771995,0.10814429954733075,1.6465863486856382,1.0,0.03125,4,1,1,0.10814429954733075,0.2361111111111111
geometry_weight_norms.spectral_norm_per_layer.q25,6,0.6153019295325357,-0.010075948777653165,1.5563556422371876,0.10699618158593001,0.39534789660804537,0.16666666666666666,0.4375,4,1,1,0.10699618158593001,0.6611111111111111
interpretability_activation_sinks.entropy_per_layer.max,6,0.004054693703176608,0.0012837526214763417,0.0058862170508330435,0.10643019218158489,0.6888454279141422,1.0,0.03125,4,1,1,0.10643019218158489,0.2361111111111111
geometry_matrix_entropy.layer_matrix_entropies_normalized.max,6,0.004034579262827455,0.0011639629066532708,0.0062830657492875105,0.10608737946418272,0.6421354516757953,0.8333333333333334,0.0625,4,1,1,0.10608737946418272,0.27070063694267515
geometry_matrix_entropy.layer_matrix_entropies_normalized.q50,6,-0.012735449426212514,0.0017929724108063372,0.04627616911199498,-0.10550497819935707,-0.27520535235729854,0.16666666666666666,0.4375,4,1,1,0.10550497819935707,0.6611111111111111
causality_tracing.noise_std_applied,6,0.09207764267921449,-9.743683040139978e-05,0.2263026649447874,0.10488657526053466,0.4068782959391101,0.16666666666666666,0.4375,4,1,1,0.10488657526053466,0.6611111111111111
interpretability_activation_sinks.entropy_per_layer.q25,6,-0.016566890547323385,0.0010134599330493543,0.04834216881094113,-0.10402462674757809,-0.3427006060095064,0.16666666666666666,0.4375,4,1,1,0.10402462674757809,0.6611111111111111
causality_ablation.area_under_degradation_curve,6,0.04784244791666665,0.015382812499999954,0.23035347627854466,0.10397611182657272,0.20769145180520437,0.8333333333333334,0.3125,4,1,1,0.10397611182657272,0.6611111111111111
causality_attention_knockout.per_head_impacts.q75,6,-0.0021701388888888335,2.0014372104082412e-16,0.007068126036744096,-0.10368825604699686,-0.3070317192431531,0.5,0.84375,4,1,1,0.10368825604699686,0.9359706362153344
interpretability_induction_heads.induction_acc_after_top_ablation,5,-0.03433333333333332,-0.0050000000000000044,0.11321439837759155,-0.10325911376070411,-0.30325942482002266,0.8,0.4375,4,1,0,0.10325911376070411,0.6611111111111111
interpretability_attention_rank.layer_min_effective_rank.std,6,-0.12091789287818028,-0.07278648716108371,0.15437728161367323,-0.10293538899438687,-0.7832622236526708,0.6666666666666666,0.15625,4,1,1,0.10293538899438687,0.46397379912663755
repe_refusal_direction.auc_at_depth_50,6,-0.009837962962962965,0.0,0.024097989367658584,-0.10272967812996102,-0.408248290463863,0.16666666666666666,1.0,4,1,1,0.10272967812996102,1.0
geometry_schatten.matrix_nuclear_norm_per_layer.std,6,0.00010723369397929999,2.8088413965999886e-05,0.00018941965298646576,0.10200889673642494,0.5661170437629403,0.8333333333333334,0.21875,4,1,1,0.10200889673642494,0.5765503875968992
geometry_matrix_entropy.matrix_entropy,6,0.05344842672348019,0.040775763988494695,0.03580348055837087,0.10104254417451661,1.4928276773634492,1.0,0.03125,4,1,1,0.10104254417451661,0.2361111111111111
geometry_hsic.input_to_layer_hsic.q25,6,-0.032391219179629116,-0.021546864981504182,0.03738207564627273,-0.10086541895692627,-0.866490654134096,0.8333333333333334,0.0625,4,1,1,0.10086541895692627,0.27070063694267515
geometry_weight_norms.spectral_norm_per_layer.min,6,0.4222252793565748,-0.004129896871745142,1.0725404989565874,0.10036871504887879,0.3936683787393887,0.16666666666666666,0.4375,4,1,1,0.10036871504887879,0.6611111111111111
geometry_collapse.erank_per_layer.mean,6,17.663105540057316,-0.6015323373926975,53.568964401386616,0.09974592755994219,0.32972647012007783,0.5,0.84375,4,1,1,0.09974592755994219,0.9359706362153344
geometry_schatten.rankme_per_layer.max,6,0.5768897513426788,0.30720847696379394,0.62123095776475,0.09890128466954456,0.9286236368811767,1.0,0.03125,4,1,1,0.09890128466954456,0.2361111111111111
interpretability_sparsity.layer_l0_rates.q75,6,-0.021291657288869188,-0.0035395383834838645,0.03648580332392378,-0.09807705491939381,-0.5835600521068485,1.0,0.03125,4,1,1,0.09807705491939381,0.2361111111111111
causality_knowledge_neurons.mean_attribution_gini,6,0.005310221658080853,-0.0012706914486692034,0.0186193712969755,0.09664353616926878,0.28519876280373857,0.5,0.84375,4,1,1,0.09664353616926878,0.9359706362153344
interpretability_logit_lens.acc.q75,6,-0.012930939712872125,-0.009135232130065604,0.024671169067601483,-0.09622109761267894,-0.5241316160348969,0.8333333333333334,0.3125,4,1,1,0.09622109761267894,0.6611111111111111
interpretability_activation_sinks.entropy_per_layer.slope,6,0.0004843622722780665,0.00022800898317834996,0.0004929787251760982,0.09546253058588264,0.9825216536576626,1.0,0.03125,4,1,1,0.09546253058588264,0.2361111111111111
geometry_contextualization.per_layer.self_similarity_corrected.slope,6,0.005015748986644715,0.005540448609039598,0.006795747779911385,0.09490591314025937,0.7380716808636649,0.8333333333333334,0.21875,4,1,1,0.09490591314025937,0.5765503875968992
interpretability_attention_entropy.avg_entropy_per_layer.std,6,-0.01577153649211845,-0.009726763050662002,0.018734180498910832,-0.09317195791881992,-0.8418588949239266,1.0,0.03125,4,1,1,0.09317195791881992,0.2361111111111111
repe_task_vectors.layer_task_vector_cosine_sim.q75,6,-0.006038536628087361,-0.003623425960540827,0.01064354893344233,-0.09288298332504993,-0.5673424029755817,0.8333333333333334,0.21875,4,1,1,0.09288298332504993,0.5765503875968992
geometry_cka.first_middle_cka,6,-0.03072282432063289,0.003446958069915962,0.08703044759401489,-0.09268162189844137,-0.3530123671654621,0.5,1.0,4,1,1,0.09268162189844137,1.0
interpretability_activation_sinks.massive_activation_max_ratio_per_layer.q75,6,311.8827364197917,4.140109972158589,684.8646954627925,0.09244220358111613,0.4553932163331023,0.8333333333333334,0.0625,4,1,1,0.09244220358111613,0.27070063694267515
geometry_cka.min_adjacent_cka,6,-0.017599529234016715,-0.038074643128588714,0.08740920562475371,-0.09227487533791867,-0.20134640405692744,0.8333333333333334,0.4375,4,1,1,0.09227487533791867,0.6611111111111111
geometry_hsic.input_to_layer_hsic.q50,6,-0.03134802185246474,0.0013173799803222197,0.08893944234773192,-0.09156913960378368,-0.3524647898049718,0.3333333333333333,0.6875,4,1,1,0.09156913960378368,0.8333333333333334
interpretability_sparsity.layer_l0_rates.q50,6,-0.01442298889160156,-0.006295484304428112,0.01749778077942037,-0.0914970285961262,-0.8242753223062916,1.0,0.03125,4,1,1,0.0914970285961262,0.2361111111111111
geometry_schatten.schatten_4_per_layer.min,6,-0.009200327576562417,-0.0014144040864825236,0.017033087810722058,-0.09113575135965582,-0.5401444341037775,0.6666666666666666,0.21875,4,1,1,0.09113575135965582,0.5765503875968992
geometry_weight_norms.stable_rank_per_layer.q25,6,-9.684799824919569,0.2527818702394171,24.973775850958376,-0.08942880382762951,-0.38779878071773083,0.16666666666666666,0.4375,4,1,1,0.08942880382762951,0.6611111111111111
geometry_cka.avg_adjacent_cka,6,-0.010227205834611916,-0.009255880921929305,0.009523132451231283,-0.08903746218845697,-1.0739329613429456,0.8333333333333334,0.0625,4,1,1,0.08903746218845697,0.27070063694267515
interpretability_superposition.polysemanticity_per_layer.slope,6,-0.0005781498391051835,-3.36652123221e-05,0.001410230484289453,-0.08887286815293663,-0.40996833180533976,0.6666666666666666,0.5625,4,1,1,0.08887286815293663,0.7470703125
geometry_contextualization.per_layer.anisotropy_baseline.slope,6,0.006516581028699869,0.002467072755098351,0.015342854244797562,0.08738689571440045,0.424730687310642,0.8333333333333334,0.3125,4,1,1,0.08738689571440045,0.6611111111111111
geometry_matrix_entropy.matrix_entropy_normalized,6,0.006940574097854942,0.005516310098170857,0.00453246026819953,0.08694550907124825,1.531303902772436,1.0,0.03125,4,1,1,0.08694550907124825,0.2361111111111111
geometry_schatten.schatten_4_per_layer.q50,6,0.018886845435049315,-0.002184364835208785,0.0737786900344885,0.08664259258246887,0.2559932336318318,0.3333333333333333,0.5625,4,1,1,0.08664259258246887,0.7470703125
geometry_contextualization.per_layer.mev.std,6,0.002951327343584413,0.0006228445123217449,0.007936556942183948,0.08574644736781599,0.3718649491314907,0.6666666666666666,0.5625,4,1,1,0.08574644736781599,0.7470703125
interpretability_induction_heads.prefix_match_score_mean,6,0.006747928499418819,0.005596235909021849,0.007928949213600512,0.08538480956964888,0.8510495297213041,0.8333333333333334,0.15625,4,1,1,0.08538480956964888,0.46397379912663755
interpretability_induction_heads.avg_induction_score,6,0.006747928499418819,0.005596235909021849,0.007928949213600512,0.08538480956964888,0.8510495297213041,0.8333333333333334,0.15625,4,1,1,0.08538480956964888,0.46397379912663755
geometry_schatten.rankme_per_layer.std,6,0.44920507975930085,-0.099276931987961,2.1353797786177204,0.08538399178998614,0.2103630858816512,0.3333333333333333,0.5625,4,1,1,0.08538399178998614,0.7470703125
causality_circuit_quality.layer_importances.min,6,-0.1536458333333333,-0.14322916666666652,0.5024840638020277,-0.08520905360228197,-0.3057725496223255,0.8333333333333334,0.3125,4,1,1,0.08520905360228197,0.6611111111111111
geometry_schatten.schatten_4_per_layer.q25,6,0.01959414569123072,-0.0003771409364767553,0.06413458264097231,0.08464872790841398,0.3055160708056595,0.5,0.84375,4,1,1,0.08464872790841398,0.9359706362153344
geometry_weight_norms.stable_rank_per_layer.mean,6,-8.204295818595204,-0.0028745051881280403,20.706316018842113,-0.08436126102551784,-0.39622189727663515,0.5,0.84375,4,1,1,0.08436126102551784,0.9359706362153344
geometry_weight_norms.mean_stable_rank,6,-8.204295818595204,-0.0028745051881280403,20.706316018842113,-0.08436126102551784,-0.39622189727663515,0.5,0.84375,4,1,1,0.08436126102551784,0.9359706362153344
interpretability_activation_sinks.massive_activation_max_ratio_per_layer.q25,6,819.3955481746776,16.171853447778986,1759.8076346386792,0.08433953903755882,0.46561654356211185,1.0,0.03125,4,1,1,0.08433953903755882,0.2361111111111111
dynamics_coe.std_angle_change,6,0.007820163548060283,0.0013613983237810434,0.01633978912351951,0.08413781457900323,0.4785963569630119,0.6666666666666666,0.21875,4,1,1,0.08413781457900323,0.5765503875968992
geometry_contextualization.per_layer.intra_sentence_similarity_raw.max,6,0.017393603449066514,0.004112251400947592,0.06602329999622653,0.08350034317742852,0.26344644163591674,0.8333333333333334,0.3125,4,1,1,0.08350034317742852,0.6611111111111111
geometry_contextualization.per_layer.anisotropy_baseline.max,6,0.019656941294670095,0.008684784173965482,0.058967893961043016,0.08282618621213779,0.3333498955831185,0.8333333333333334,0.3125,4,1,1,0.08282618621213779,0.6611111111111111
interpretability_head_roles.frac_previous_token_heads,6,0.0011470734126984166,0.0,0.001801212609790942,0.08175377202439998,0.636833989759572,0.3333333333333333,0.5,4,1,1,0.08175377202439998,0.7456140350877193
geometry_weight_norms.spectral_norm_per_layer.mean,6,0.5127164022974472,-0.009854051460193247,1.3044265703246845,0.08161065237266558,0.39305884590332063,0.16666666666666666,0.4375,4,1,1,0.08161065237266558,0.6611111111111111
geometry_weight_norms.mean_spectral_norm,6,0.5127164022974472,-0.009854051460193247,1.3044265703246845,0.08161065237266558,0.39305884590332063,0.16666666666666666,0.4375,4,1,1,0.08161065237266558,0.6611111111111111
geometry_schatten.schatten_1_per_layer.std,6,0.00020466045896690003,-6.304256856419992e-05,0.0009722801747383175,0.08157329506268042,0.21049535338101796,0.3333333333333333,0.5625,4,1,1,0.08157329506268042,0.7470703125
interpretability_activation_sinks.massive_activation_max_ratio_per_layer.q50,6,491.6452946812511,24.291952392872744,1114.4697907774814,0.08152428814979769,0.4411472601139482,1.0,0.03125,4,1,1,0.08152428814979769,0.2361111111111111
topology_homology.mean_persistence_h1.mean,6,0.02514207773501914,0.0990890781084697,0.2061792974888868,0.08139952158690945,0.12194278495092029,0.8333333333333334,0.4375,4,1,1,0.08139952158690945,0.6611111111111111
interpretability_superposition.polysemanticity_per_layer.q75,6,-0.013605669064540147,-0.008959165923344281,0.01728991822615086,-0.08120289179417864,-0.78691344207526,1.0,0.03125,4,1,1,0.08120289179417864,0.2361111111111111
dynamics_coe.per_sample_mean_angle.min,6,-0.01453763803851509,0.01433816598728302,0.0727125387245301,-0.0808896514429434,-0.19993302796909104,0.3333333333333333,0.5625,4,1,1,0.0808896514429434,0.7470703125
geometry_hsic.adjacent_hsic.std,6,0.005301122118957617,0.007227039868010307,0.023260253605686385,0.08043577835694998,0.2279047429500796,0.8333333333333334,0.4375,4,1,1,0.08043577835694998,0.6611111111111111
interpretability_attention_entropy.avg_entropy_per_layer.q75,6,-0.05162660280863433,0.009130001068115234,0.12649698082293062,-0.07994700872782867,-0.40812517795109116,0.5,0.84375,4,1,1,0.07994700872782867,0.9359706362153344
causality_knowledge_neurons.localization_layer_mean,6,0.01727290695066831,0.024263674614305675,0.21427511980880662,0.07954144333582594,0.08061088457717619,0.6666666666666666,0.6875,4,1,1,0.07954144333582594,0.8333333333333334
geometry_hubness.hubness_k10_gini,6,0.011892106209741385,0.00908171927920065,0.026513963394397627,0.07930768145536064,0.44852238923488047,0.6666666666666666,0.4375,4,1,1,0.07930768145536064,0.6611111111111111
geometry_contextualization.per_layer.anisotropy_baseline.std,6,-0.00548158132345818,-0.007657147665950728,0.009248983958105531,-0.07869814335456503,-0.5926684864291809,0.8333333333333334,0.21875,4,1,1,0.07869814335456503,0.5765503875968992
interpretability_logit_lens.acc.std,6,-0.00286222558542965,-0.0012487956137788997,0.006398059409552997,-0.07828801039244984,-0.4473583945088157,0.8333333333333334,0.3125,4,1,1,0.07828801039244984,0.6611111111111111
geometry_contextualization.per_layer.mev.slope,6,-0.0012146151276049174,0.0010315060836804495,0.006392656985089132,-0.07827113185415359,-0.19000161129214446,0.3333333333333333,0.5625,4,1,1,0.07827113185415359,0.7470703125
geometry_schatten.schatten_4_per_layer.q75,6,0.014619514462633801,-0.007340236030021319,0.09544344167744533,0.07767919531612434,0.15317463626302366,0.16666666666666666,0.4375,4,1,1,0.07767919531612434,0.6611111111111111
interpretability_head_roles.mean_previous_token_score,6,0.0027738032797245127,-0.002660597109592301,0.013716995629569783,0.07757090575550432,0.20221653156650526,0.16666666666666666,0.4375,4,1,1,0.07757090575550432,0.6611111111111111
interpretability_attention_entropy.avg_entropy_per_layer.max,6,-0.03327226638793953,-0.02088749408721924,0.04153312059383572,-0.0765401489540429,-0.8011020099673836,0.8333333333333334,0.0625,4,1,1,0.0765401489540429,0.27070063694267515
geometry_schatten.rankme_per_layer.min,6,-1.2410353447132358,0.0971788980240973,7.3975896358401965,-0.0761580407590731,-0.16776212331387083,0.5,0.84375,4,1,1,0.0761580407590731,0.9359706362153344
topology_betti_curve.betti_0_curve.std,6,-0.012119549120381379,-0.0038241654652793056,0.21148003160086543,-0.0758973217884874,-0.057308243377110324,0.5,1.0,4,1,1,0.0758973217884874,1.0
geometry_contextualization.per_layer.intra_sentence_similarity_raw.std,6,-0.004278404497249315,-0.003692484724173342,0.007695163619968809,-0.07531630792297735,-0.5559861633282148,0.8333333333333334,0.21875,4,1,1,0.07531630792297735,0.5765503875968992
topology_betti_curve.max_betti_1_layer,6,0.8333333333333334,0.0,1.3291601358251257,0.074923608555231,0.626962328219399,0.3333333333333333,0.5,4,1,1,0.074923608555231,0.7456140350877193
geometry_matrix_entropy.mean_matrix_entropy,6,-0.04871642185053582,0.01719650191565303,0.32398899839980677,-0.07448770897889061,-0.15036443240711247,0.16666666666666666,0.4375,4,1,1,0.07448770897889061,0.6611111111111111
geometry_matrix_entropy.layer_matrix_entropies.mean,6,-0.04871642185053582,0.01719650191565303,0.32398899839980677,-0.07448770897889061,-0.15036443240711247,0.16666666666666666,0.4375,4,1,1,0.07448770897889061,0.6611111111111111
geometry_svd.svd_auc,6,0.0030849993228912096,0.0010557174682617188,0.007384683964794123,0.07429826111253528,0.41775644531285183,0.6666666666666666,0.5625,4,1,1,0.07429826111253528,0.7470703125
causality_edge_attribution.mean_layer_attribution_profile.min,6,0.0016350302194318995,0.001556179768862049,0.0031027459268627377,0.07387524988708558,0.5269623288443468,0.6666666666666666,0.3125,4,1,1,0.07387524988708558,0.6611111111111111
topology_homology.mean_persistence_h1.slope,6,0.028086233830877827,0.15183087686697655,0.34601263425547135,0.07094005426501658,0.08117112223752192,0.8333333333333334,0.4375,4,1,1,0.07094005426501658,0.6611111111111111
interpretability_activation_sinks.entropy_per_layer.q75,6,-0.0065952496920840264,0.00437657939940006,0.0501416859547523,-0.07047040710490536,-0.13153226834126716,0.16666666666666666,0.4375,4,1,1,0.07047040710490536,0.6611111111111111
interpretability_activation_sinks.entropy_per_layer.mean,6,-0.007126436079760837,0.0021300849782787956,0.042929834203878935,-0.07006258932792232,-0.16600194740833465,0.16666666666666666,0.4375,4,1,1,0.07006258932792232,0.6611111111111111
dynamics_coe.mean_normalized_angle,6,-0.008946957783478907,0.013656743854541492,0.05397324343866941,-0.07000319461059477,-0.16576653937141034,0.3333333333333333,0.5625,4,1,1,0.07000319461059477,0.7470703125
interpretability_activation_sinks.massive_activation_max_ratio_per_layer.mean,6,483.3062357450602,11.209267505241996,1064.1813156598141,0.06931791417117555,0.4541577911893712,1.0,0.03125,4,1,1,0.06931791417117555,0.2361111111111111
causality_tracing.aie.q75,6,0.005855772230360233,0.007502873738606801,0.014282586283982426,0.06924460165686433,0.40999382842359156,0.6666666666666666,0.3125,4,1,1,0.06924460165686433,0.6611111111111111
interpretability_activation_sinks.massive_activation_fraction_per_layer.q25,6,9.292202545718333e-05,9.536743164999793e-08,0.00016185954076842457,0.06808569888226605,0.5740905047428041,0.5,0.25,4,1,1,0.06808569888226605,0.6390977443609023
dynamics_coe.per_sample_mean_angle.q25,6,-0.013455872143071776,0.012330174911767272,0.07248984295896983,-0.06787138377543903,-0.1856242418774168,0.3333333333333333,0.6875,4,1,1,0.06787138377543903,0.8333333333333334
interpretability_logit_lens.acc.mean,6,-0.004973274485428929,-0.004574021313649944,0.007170672232184643,-0.0672957780948394,-0.69355763649425,0.6666666666666666,0.21875,4,1,1,0.0672957780948394,0.5765503875968992
interpretability_attention_graph.mean_edge_gini,6,0.0015317021560137811,0.001341271692967827,0.002585838414601032,0.06725849255587583,0.5923425637754348,0.8333333333333334,0.21875,4,1,1,0.06725849255587583,0.5765503875968992
geometry_matrix_entropy.layer_matrix_entropies_normalized.mean,6,-0.0065929715682490385,0.002168663545101729,0.042243757509675205,-0.06715120330882104,-0.1560697238340844,0.16666666666666666,0.4375,4,1,1,0.06715120330882104,0.6611111111111111
geometry_matrix_entropy.mean_matrix_entropy_normalized,6,-0.0065929715682490385,0.002168663545101729,0.042243757509675205,-0.06715120330882104,-0.1560697238340844,0.16666666666666666,0.4375,4,1,1,0.06715120330882104,0.6611111111111111
geometry_matrix_entropy.mean_matrix_entropy_norm,6,-0.00659297156824903,0.0021686635451017566,0.042243757509675184,-0.0671347323814759,-0.15606972383408427,0.16666666666666666,0.4375,4,1,1,0.0671347323814759,0.6611111111111111
geometry_weight_norms.frobenius_norm_per_layer.q25,6,2.9410356008817264,-0.09056579877459647,7.838982282636277,0.06684401180962911,0.37518079450138087,0.16666666666666666,0.4375,4,1,1,0.06684401180962911,0.6611111111111111
topology_homology.mean_persistence_h0.q50,6,-0.935361671866032,-0.24076663820367095,1.986717907469199,-0.06658682662434293,-0.47080749025791596,0.8333333333333334,0.21875,4,1,1,0.06658682662434293,0.5765503875968992
topology_homology.mean_persistence_h0.q75,6,-0.935361671866032,-0.24076663820367095,1.986717907469199,-0.06658682662434293,-0.47080749025791596,0.8333333333333334,0.21875,4,1,1,0.06658682662434293,0.5765503875968992
dynamics_coe.mean_angle_change,6,-0.01227560542331684,0.019178912136703752,0.076096051192684,-0.06589890615394753,-0.16131724617659315,0.3333333333333333,0.5625,4,1,1,0.06589890615394753,0.7470703125
dynamics_coe.per_sample_mean_angle.mean,6,-0.01227560542331684,0.019178912136703752,0.076096051192684,-0.06589890615394753,-0.16131724617659315,0.3333333333333333,0.5625,4,1,1,0.06589890615394753,0.7470703125
geometry_schatten.schatten_4_last,6,-0.011163088594681347,-0.008111863617537296,0.009096398225639,-0.06546626242180213,-1.2271987568900842,1.0,0.03125,4,1,1,0.06546626242180213,0.2361111111111111
geometry_schatten.schatten_inf_per_layer.max,6,-0.14000422159830692,-0.05433126688003487,0.5926332436393763,-0.06412736840785392,-0.23624091814110412,0.8333333333333334,0.3125,4,1,1,0.06412736840785392,0.6611111111111111
geometry_rsa.rsa_adjacent_min,6,0.014560374507342646,0.024147654045147904,0.08488359990967441,0.06387029585192897,0.17153342368651311,0.6666666666666666,0.4375,4,1,1,0.06387029585192897,0.6611111111111111
geometry_correlation_dimension.correlation_dimension,6,-0.057094928293835334,-0.08191466186392304,0.17928296095819765,-0.0637528055571588,-0.3184626580723855,0.8333333333333334,0.4375,4,1,1,0.0637528055571588,0.6611111111111111
geometry_schatten.schatten_inf_per_layer.q50,6,0.1112601399421691,-0.014914476871490612,0.543115642828402,0.06332571523639756,0.2048553404994116,0.3333333333333333,1.0,4,1,1,0.06332571523639756,1.0
causality_tracing.aie.q50,6,-0.013682250450882616,0.015740712483723995,0.19403851010972728,-0.06243969144702248,-0.07051306693266923,0.3333333333333333,0.6875,4,1,1,0.06243969144702248,0.8333333333333334
dynamics_coe.per_sample_mean_angle.max,6,-0.012544597332764926,0.0245072434190661,0.08813009477336073,-0.06223149589922889,-0.1423418114439247,0.3333333333333333,0.5625,4,1,1,0.06223149589922889,0.7470703125
geometry_cka.std_adjacent_cka,6,0.005594986157890972,0.009950498716692652,0.02152894584598244,0.06210844218923153,0.25988203035658913,0.8333333333333334,0.4375,4,1,1,0.06210844218923153,0.6611111111111111
interpretability_attention_rank.layer_max_effective_rank.max,6,0.1834996541341051,0.002746582031235789,0.48038951967917537,0.06201230085914907,0.38198096881183835,0.8333333333333334,0.3125,4,1,1,0.06201230085914907,0.6611111111111111
interpretability_attention_rank.max_effective_rank,6,0.1834996541341051,0.002746582031235789,0.48038951967917537,0.06201230085914907,0.38198096881183835,0.8333333333333334,0.3125,4,1,1,0.06201230085914907,0.6611111111111111
geometry_weight_norms.spectral_norm_per_layer.q75,6,0.43887094230878926,-0.012514909581532674,1.1102418118277604,0.06194155074345627,0.39529311329600186,0.16666666666666666,0.4375,4,1,1,0.06194155074345627,0.6611111111111111
geometry_schatten.schatten_inf_per_layer.q25,6,0.1322558701038361,0.014649629592895508,0.4472550307817495,0.06182372509457631,0.29570571821778796,0.6666666666666666,0.4375,4,1,1,0.06182372509457631,0.6611111111111111
interpretability_attention_entropy.avg_entropy_per_layer.slope,6,0.0047248822682611,0.0032070941263053487,0.007325049520436461,0.06126667280600813,0.6450307612363512,0.8333333333333334,0.15625,4,1,1,0.06126667280600813,0.46397379912663755
causality_edge_attribution.mean_layer_attribution_profile.max,6,0.00198922088687856,0.0022953626495551376,0.020081359399944845,0.06117453298299521,0.09905807905036666,0.5,1.0,4,1,1,0.06117453298299521,1.0
dynamics_sharpness.hutchinson_trace_estimate,6,-10022.4,-47.99999999999977,25930.119506087896,-0.060562355611729866,-0.38651576587014697,0.5,0.84375,4,1,1,0.060562355611729866,0.9359706362153344
geometry_hubness.hubness_k50_top1pct,6,0.014765936336452812,0.00888466494845358,0.03637215303778288,0.05991682253079857,0.4059681680409231,0.6666666666666666,0.4375,4,1,1,0.05991682253079857,0.6611111111111111
repe_task_vectors.layer_task_vector_norms.q50,6,-0.8753873060146963,0.16759037971496585,3.4630863803152874,-0.05888824336083414,-0.2527766304041769,0.16666666666666666,0.4375,4,1,1,0.05888824336083414,0.6611111111111111
geometry_schatten.schatten_inf_per_layer.q75,6,0.0796987533569337,-0.06407805681228629,0.829493232691612,0.05861925778900349,0.09608125806924335,0.16666666666666666,0.4375,4,1,1,0.05861925778900349,0.6611111111111111
geometry_svd.avg_cosine_similarity,6,-0.00053365047400195,-0.0005639370065182502,0.0004069411894914829,-0.058459101173509734,-1.3113700155759707,0.8333333333333334,0.0625,4,1,1,0.058459101173509734,0.27070063694267515
geometry_cka.mean_offdiag_cka,6,-0.010360916666556752,-0.009704361233306091,0.015077162258074761,-0.058418458345251084,-0.6871927547909644,0.8333333333333334,0.15625,4,1,1,0.058418458345251084,0.46397379912663755
geometry_collapse.erank_per_layer.max,6,-10.187762048568382,-2.765756157109081,28.257803999108962,-0.05735679589659879,-0.3605291497134607,0.6666666666666666,0.4375,4,1,1,0.05735679589659879,0.6611111111111111
geometry_collapse.max_erank,6,-10.187762048568382,-2.765756157109081,28.257803999108962,-0.05735679589659879,-0.3605291497134607,0.6666666666666666,0.4375,4,1,1,0.05735679589659879,0.6611111111111111
geometry_schatten.schatten_4_per_layer.mean,6,0.009551293016065185,-0.003276124120567492,0.07024110547729612,0.05726082512048053,0.13597868301136617,0.16666666666666666,0.4375,4,1,1,0.05726082512048053,0.6611111111111111
geometry_spectral.max_alpha,6,0.191597504614592,0.002049796771496304,0.3575257897580906,0.05695403083888967,0.5358984165708182,0.5,0.6875,4,1,1,0.05695403083888967,0.8333333333333334
dynamics_coe.per_sample_mean_angle.q50,6,-0.01021652791412577,0.02455090389897424,0.07729928991448796,-0.05592820271937231,-0.13216845750365577,0.3333333333333333,0.6875,4,1,1,0.05592820271937231,0.8333333333333334
interpretability_activation_sinks.valley_depth,6,0.008471839352164568,-0.002117786494176501,0.03903835347558963,0.05567949795929094,0.217013234368656,0.3333333333333333,0.5625,4,1,1,0.05567949795929094,0.7470703125
causality_edge_attribution.mean_layer_attribution_profile.slope,6,-0.00010370432523273336,-0.00018828934504919995,0.0010972334634718937,-0.054958859481001,-0.09451436607172874,0.6666666666666666,0.84375,4,1,1,0.054958859481001,0.9359706362153344
geometry_matrix_entropy.layer_matrix_entropies_normalized.q75,6,-0.0049116485092017366,0.004512897880631611,0.046847118031046756,-0.05484024077658726,-0.10484419779988738,0.16666666666666666,0.4375,4,1,1,0.05484024077658726,0.6611111111111111
geometry_matrix_entropy.layer_matrix_entropies.q75,6,-0.03579710026582076,0.03433253765106192,0.3595498035374081,-0.054801294176770814,-0.0995608950794389,0.16666666666666666,0.4375,4,1,1,0.054801294176770814,0.6611111111111111
interpretability_sparsity.layer_l0_rates.std,6,0.005528799981910778,0.0006990434890622454,0.013138052256815145,0.05340039135239232,0.4208234123169061,0.6666666666666666,0.4375,4,1,1,0.05340039135239232,0.6611111111111111
interpretability_sparsity.layer_l0_rates.min,6,-0.017494166642427453,-0.001024479418992967,0.03527516834342419,-0.053131497648078146,-0.4959343204860601,0.5,0.5625,4,1,1,0.053131497648078146,0.7470703125
geometry_contextualization.per_layer.mev.max,6,-0.00487781535353742,0.0014803252518820753,0.013156500325976591,-0.05158477365721312,-0.37075325752901883,0.3333333333333333,1.0,4,1,1,0.05158477365721312,1.0
geometry_weight_norms.frobenius_norm_per_layer.mean,6,2.3070565549983826,-0.08809720267537458,6.271176345360298,0.051170394952252715,0.3678825834175829,0.16666666666666666,0.4375,4,1,1,0.051170394952252715,0.6611111111111111
geometry_weight_norms.mean_frobenius_norm,6,2.3070565549983826,-0.08809720267537458,6.271176345360298,0.051170394952252715,0.3678825834175829,0.16666666666666666,0.4375,4,1,1,0.051170394952252715,0.6611111111111111
geometry_matrix_entropy.layer_matrix_entropies_normalized.std,6,0.002474139953082516,-0.0012125038887815503,0.014034979571022833,0.05059351280186374,0.17628383002357353,0.3333333333333333,0.5625,4,1,1,0.05059351280186374,0.7470703125
geometry_collapse.collapse_ratio,6,0.00833669191129729,-0.021483288304075643,0.10327443046545474,0.04947093608151497,0.08072367839477856,0.3333333333333333,0.5625,4,1,1,0.04947093608151497,0.7470703125
interpretability_attention_entropy.avg_entropy_per_layer.q25,6,-0.028420190016428665,-0.016537904739379883,0.04121613543852368,-0.049022317089487934,-0.6895403878614256,0.6666666666666666,0.15625,4,1,1,0.049022317089487934,0.46397379912663755
interpretability_sparsity.layer_kurtosis.q75,6,-74.22608864498069,-23.35746796511023,118.5738363930188,-0.04847374258921698,-0.6259904453032512,0.5,0.4375,4,1,1,0.04847374258921698,0.6611111111111111
dynamics_gradient_flow.gradient_vanishing_ratio,6,0.011408730158730174,0.0,0.03775971415211699,0.04845917724375478,0.30214026813787587,0.3333333333333333,0.5,4,1,1,0.04845917724375478,0.7456140350877193
geometry_collapse.max_erank_norm,6,-0.003981455190380563,-0.0014276269133676467,0.011518420333586438,-0.04834831768973357,-0.34565982791677435,0.6666666666666666,0.4375,4,1,1,0.04834831768973357,0.6611111111111111
geometry_spectral.avg_stable_rank,6,-4.7721172257503985,0.0012908432192979546,12.30086418027011,-0.048007767829219505,-0.3879497534331453,0.5,1.0,4,1,1,0.048007767829219505,1.0
compression_smoothness,6,0.05110872542993417,-0.016167034163136584,0.17915739229902874,0.04786533198230389,0.2852727692342687,0.3333333333333333,0.5625,4,1,1,0.04786533198230389,0.7470703125
geometry_mahalanobis.mean_mahalanobis_id,6,-1.906131744384768,-2.4813156127929688,1.8010805014386473,-0.04726641677470677,-1.0583267893146415,0.8333333333333334,0.09375,4,1,1,0.04726641677470677,0.3390957446808511
geometry_lipschitz.lipschitz_max,6,0.25698379675547284,0.2761582136154175,0.3228052345116458,0.04661215343474031,0.7960955067666404,0.8333333333333334,0.09375,4,1,1,0.04661215343474031,0.3390957446808511
geometry_lipschitz.relative_change_max,6,0.25698379675547284,0.2761582136154175,0.3228052345116458,0.04661215343474031,0.7960955067666404,0.8333333333333334,0.09375,4,1,1,0.04661215343474031,0.3390957446808511
causality_edge_attribution.attribution_entropy,6,0.022839630755617346,0.038852931366909704,0.06566848568922382,0.04621656975175363,0.34780200146088225,0.6666666666666666,0.3125,4,1,1,0.04621656975175363,0.6611111111111111
geometry_weight_norms.stable_rank_per_layer.max,6,-7.08247241076342,0.3066806674459741,18.629324908364875,-0.046141251639383096,-0.38017869383894165,0.3333333333333333,0.5625,4,1,1,0.046141251639383096,0.7470703125
geometry_matrix_entropy.layer_matrix_entropies.std,6,0.018653627341462024,-0.009399943869596902,0.10739882844469446,0.04563073867431394,0.17368557563984785,0.3333333333333333,0.5625,4,1,1,0.04563073867431394,0.7470703125
interpretability_induction_heads.max_induction_score,6,-0.0023681564930955745,-0.005743197737069161,0.032087985682472404,-0.045567947507965716,-0.07380196801786612,0.8333333333333334,0.4375,4,1,1,0.045567947507965716,0.6611111111111111
interpretability_induction_heads.prefix_match_score_max,6,-0.0023681564930955745,-0.005743197737069161,0.032087985682472404,-0.045567947507965716,-0.07380196801786612,0.8333333333333334,0.4375,4,1,1,0.045567947507965716,0.6611111111111111
edg_early,6,0.02155067155067154,0.0,0.04221230969245102,0.04486443565050489,0.5105304994605763,0.3333333333333333,0.5,4,1,1,0.04486443565050489,0.7456140350877193
erank_utilization_first,6,0.00391053964934217,0.0020063813656774052,0.007300481972395902,0.04401471688375252,0.5356549970438175,0.5,0.4375,4,1,1,0.04401471688375252,0.6611111111111111
geometry_schatten.schatten_inf_per_layer.slope,6,0.002994587091655916,-0.0021429476455151987,0.019898898694728044,0.04391453534936394,0.15049009181846296,0.16666666666666666,0.4375,4,1,1,0.04391453534936394,0.6611111111111111
geometry_svd.effective_rank,6,-6.984723900994491,-1.1785037199874182,30.341108112287824,-0.0437238150350209,-0.230206618530381,0.5,1.0,4,1,1,0.0437238150350209,1.0
geometry_weight_norms.frobenius_norm_per_layer.q75,6,1.9843798122078027,-0.10097124841478511,5.4956187096408025,0.04341966815328226,0.36108396834857986,0.16666666666666666,0.4375,4,1,1,0.04341966815328226,0.6611111111111111
dynamics_coe.per_sample_mean_angle.q75,6,-0.007929934440032834,0.020482865162193775,0.06907268445626355,-0.04327817958878309,-0.11480565005482053,0.3333333333333333,0.5625,4,1,1,0.04327817958878309,0.7470703125
interpretability_activation_sinks.massive_activation_fraction,6,6.18375681016511e-05,4.74974323024834e-07,0.00011266567474158851,0.04321984780663446,0.5488589869406327,0.6666666666666666,0.125,4,1,1,0.04321984780663446,0.4292929292929293
interpretability_activation_sinks.massive_activation_fraction_per_layer.mean,6,6.18375681016511e-05,4.74974323024834e-07,0.00011266567474158851,0.04321984780663446,0.5488589869406327,0.6666666666666666,0.125,4,1,1,0.04321984780663446,0.4292929292929293
interpretability_activation_sinks.massive_activation_max_ratio_per_layer.min,6,3.3228869085010833,-0.7069441309075639,9.65932822289301,0.04315199986360392,0.3440080750776957,0.3333333333333333,1.0,4,1,1,0.04315199986360392,1.0
interpretability_attention_entropy.avg_entropy_per_layer.min,6,0.028047064940134647,0.0020143985748291016,0.04868073005780327,0.0425316410181974,0.5761430633195455,0.6666666666666666,0.5625,4,1,1,0.0425316410181974,0.7470703125
interpretability_logit_lens.acc.q25,6,-0.0018559067168583503,0.00025871119927614985,0.005413261501621854,-0.04232145866158262,-0.3428444600916299,0.3333333333333333,1.0,4,1,1,0.04232145866158262,1.0
interpretability_activation_sinks.entropy_per_layer.std,6,0.0021314206938609,-0.001175363786394699,0.012922261573466216,0.042235675887930216,0.16494176980888772,0.3333333333333333,0.5625,4,1,1,0.042235675887930216,0.7470703125
interpretability_attention_entropy.avg_entropy_per_layer.q50,6,-0.024489601453145344,0.008789896965026855,0.08142536440839503,-0.04190973327066071,-0.30076133685218664,0.3333333333333333,0.84375,4,1,1,0.04190973327066071,0.9359706362153344
geometry_hsic.hsic_compression_ratio,6,0.06164267551872918,0.02254038285480439,0.12108102604962567,0.040989256182660874,0.509102685448541,0.8333333333333334,0.09375,4,1,1,0.040989256182660874,0.3390957446808511
geometry_schatten.schatten_1_per_layer.q25,6,-0.0010044641391632008,7.424162043625018e-05,0.002946870744362139,-0.03955499214297384,-0.3408578883498403,0.16666666666666666,0.4375,4,1,1,0.03955499214297384,0.6611111111111111
repe_refusal_direction.auc_at_depth_0,6,-0.003472222222222173,0.006944444444444475,0.035341696249998555,-0.039250249135584024,-0.09824718648648097,0.3333333333333333,0.84375,4,1,1,0.039250249135584024,0.9359706362153344
dynamics_coe.per_sample_coe_c.q25,6,-0.026892483109370525,-0.001432780453001846,0.06073753783151778,-0.03923797600508267,-0.44276544735759016,1.0,0.03125,4,1,1,0.03923797600508267,0.2361111111111111
geometry_weight_norms.stable_rank_per_layer.std,6,-1.2716954887880956,0.03627247026326863,3.2321020137430705,-0.03823935109300753,-0.39345771989274425,0.16666666666666666,0.4375,4,1,1,0.03823935109300753,0.6611111111111111
geometry_svd.effective_rank_ratio,6,-0.0037035656889872017,-0.0013406699246133053,0.011447392984197606,-0.03783697672506174,-0.32352918206789416,0.5,0.84375,4,1,1,0.03783697672506174,0.9359706362153344
geometry_rsa.rsa_adjacent_mean,6,-0.0036453340248636668,0.000768320776218745,0.014478383487678423,-0.03700586860170378,-0.2517776952078915,0.5,1.0,4,1,1,0.03700586860170378,1.0
dynamics_coe.per_sample_mean_magnitude.min,6,-2.4301989908433623,-0.5105112586170444,4.820683651400347,-0.03647215950172049,-0.5041191595589187,1.0,0.03125,4,1,1,0.03647215950172049,0.2361111111111111
dynamics_coe.per_sample_mean_magnitude.q50,6,-2.4517172619641308,-0.6063405666500321,4.839243008408808,-0.03583514203883713,-0.5066323922365453,1.0,0.03125,4,1,1,0.03583514203883713,0.2361111111111111
geometry_svd.cond_number,6,-56.36486053466797,-18.20709228515625,84.38787592971647,-0.03576004472255069,-0.6679260487799475,0.6666666666666666,0.15625,4,1,1,0.03576004472255069,0.46397379912663755
geometry_positional_decay.layer_positional_decay.min,6,-0.00457765469181388,0.024924310817486195,0.05625485634987975,-0.03567849804816677,-0.08137350246426618,0.3333333333333333,1.0,4,1,1,0.03567849804816677,1.0
repe_refusal_direction.separability_auc,6,0.0034722222222222285,0.0,0.008505172717997162,0.03501267218012551,0.408248290463863,0.16666666666666666,1.0,4,1,1,0.03501267218012551,1.0
repe_refusal_direction.auc_at_depth_100,6,0.0034722222222222285,0.0,0.008505172717997162,0.03501267218012551,0.408248290463863,0.16666666666666666,1.0,4,1,1,0.03501267218012551,1.0
geometry_hubness.hubness_k100_top1pct,6,0.009871273741248634,0.0070725475193299525,0.031193109227630536,0.0347670824232426,0.3164568709458678,0.6666666666666666,0.4375,4,1,1,0.0347670824232426,0.6611111111111111
geometry_svd.participation_ratio,6,-1.1951426910819005,0.8605402819227663,6.881344433946012,-0.034743070319280596,-0.17367866156883568,0.3333333333333333,1.0,4,1,1,0.034743070319280596,1.0
interpretability_waa.layer_waa_alignments.q25,6,0.0074246143340133,0.0042002818081528,0.02009172930123633,0.034616686354020355,0.3695358534198662,0.6666666666666666,0.5625,4,1,1,0.034616686354020355,0.7470703125
geometry_svd.effective_rank_norm,6,-0.0037035656889872017,-0.0013406699246133053,0.011447392984197606,-0.034588331133573465,-0.32352918206789416,0.5,0.84375,4,1,1,0.034588331133573465,0.9359706362153344
causality_circuit_quality.layer_importances.mean,6,-0.07826709242724832,0.2007378472222232,0.7736302058902498,-0.03452508732037669,-0.10116860979747162,0.16666666666666666,0.4375,4,1,1,0.03452508732037669,0.6611111111111111
causality_edge_attribution.top1_layer_share,6,-0.0019772719776893835,-0.00507381600203935,0.019424071758502182,-0.03441017182185489,-0.10179492756578726,0.5,0.84375,4,1,1,0.03441017182185489,0.9359706362153344
interpretability_superposition.polysemanticity_per_layer.min,6,-0.004877185200553931,-0.002985758365038449,0.007022114387864426,-0.03401056229814232,-0.6945465327341651,0.8333333333333334,0.09375,4,1,1,0.03401056229814232,0.3390957446808511
geometry_weight_norms.stable_rank_per_layer.q75,6,-4.48792071336938,0.3191943490239879,12.92406573038863,-0.03376421806315538,-0.347253008998309,0.16666666666666666,0.4375,4,1,1,0.03376421806315538,0.6611111111111111
interpretability_activation_sinks.massive_activation_fraction_per_layer.max,6,-0.00027530977977978876,0.0,0.0008411707571985778,-0.033527522727612814,-0.3272935696156108,0.3333333333333333,1.0,4,1,1,0.033527522727612814,1.0
dynamics_coe.per_sample_coe_c.min,6,-0.0212851688311607,-0.0021705998706415958,0.04410305489924711,-0.0334003158550866,-0.48262345725905853,1.0,0.03125,4,1,1,0.0334003158550866,0.2361111111111111
dynamics_coe.mean_magnitude_change,6,-2.2554954540516636,-0.36234211102127833,4.71528326507973,-0.03331335126290428,-0.47833721268779933,1.0,0.03125,4,1,1,0.03331335126290428,0.2361111111111111
dynamics_coe.per_sample_mean_magnitude.mean,6,-2.2554954540516627,-0.36234211102127833,4.715283265079727,-0.033313351262904266,-0.4783372126877994,1.0,0.03125,4,1,1,0.033313351262904266,0.2361111111111111
erank_utilization_last,6,-0.0037035656889872017,-0.0013406699246133053,0.011447392984197606,-0.03329372516671396,-0.32352918206789416,0.5,0.84375,4,1,1,0.03329372516671396,0.9359706362153344
dynamics_coe.per_sample_mean_magnitude.q25,6,-2.2417307779311186,-0.33639638746778244,4.938451694648794,-0.03312663873832458,-0.453933928393025,0.8333333333333334,0.09375,4,1,1,0.03312663873832458,0.3390957446808511
geometry_neural_collapse.nc2_equiangularity_dev,6,-0.0026459166680362148,-0.0002256470746632433,0.006880748261055573,-0.03303323820524735,-0.38453908901330824,0.5,0.6875,4,1,1,0.03303323820524735,0.8333333333333334
interpretability_attention_entropy.median_seq_len,6,-0.16666666666666666,0.0,0.408248290463863,-0.03269574399622444,-0.408248290463863,0.16666666666666666,1.0,4,1,1,0.03269574399622444,1.0
causality_knowledge_neurons.attribution_layer_entropy,6,-0.016741354818246457,-0.0015135199351785644,0.045484653083081195,-0.03259632245267971,-0.3680660109172888,0.6666666666666666,0.6875,4,1,1,0.03259632245267971,0.8333333333333334
dynamics_coe.per_sample_coe_c.mean,6,-0.022230010093262892,-0.0014855086210028914,0.04838903756446008,-0.032041289197902084,-0.4594017821422841,1.0,0.03125,4,1,1,0.032041289197902084,0.2361111111111111
dynamics_coe.coe_c,6,-0.022230010093262892,-0.0014855086210028914,0.04838903756446008,-0.032041289197902084,-0.4594017821422841,1.0,0.03125,4,1,1,0.032041289197902084,0.2361111111111111
causality_attention_knockout.per_head_impacts.mean,6,-0.0011908637152776662,0.0041829427083334,0.028398282307531136,-0.03189779019974485,-0.04193435723969308,0.16666666666666666,0.4375,4,1,1,0.03189779019974485,0.6611111111111111
geometry_weight_norms.spectral_norm_per_layer.q50,6,0.22768573123941968,-0.005742762769971543,0.58309298317845,0.03177320985173507,0.3904792851361386,0.16666666666666666,0.4375,4,1,1,0.03177320985173507,0.6611111111111111
geometry_schatten.schatten_4_per_layer.max,6,-0.007576098680553441,-0.007330937411981431,0.06154409730615459,-0.031282039193892226,-0.12310032987998362,0.8333333333333334,0.3125,4,1,1,0.031282039193892226,0.6611111111111111
dynamics_coe.per_sample_coe_c.q50,6,-0.023716209683947914,-0.002961439805528647,0.049123215715026994,-0.03126660753011681,-0.4827902517931665,0.8333333333333334,0.0625,4,1,1,0.03126660753011681,0.27070063694267515
interpretability_logit_lens.entropy.min,6,-0.02647081110626472,-0.09099092599004521,0.130034430357697,-0.030291129138665638,-0.20356770920939296,0.6666666666666666,0.6875,4,1,1,0.030291129138665638,0.8333333333333334
dynamics_coe.per_sample_mean_magnitude.q75,6,-2.0618204958736883,-0.4101542358597121,4.3714021565273455,-0.030199782631847156,-0.4716611334409014,0.8333333333333334,0.0625,4,1,1,0.030199782631847156,0.27070063694267515
dynamics_coe.mean_normalized_magnitude,6,-0.021956778028015933,-0.0013525235721092987,0.047784243626375573,-0.030156960215746258,-0.45949828566285816,1.0,0.03125,4,1,1,0.030156960215746258,0.2361111111111111
geometry_schatten.schatten_1_per_layer.q50,6,-0.0007174349603509319,0.00011174230149725052,0.002592205915389878,-0.030049219993183638,-0.2767661921036188,0.3333333333333333,0.5625,4,1,1,0.030049219993183638,0.7470703125
geometry_hubness.hubness_k100_gini,6,-0.007413075225697822,0.004935196553539578,0.04885606973394935,-0.02992668888065788,-0.1517329426224105,0.16666666666666666,0.625,4,1,1,0.02992668888065788,0.8157389635316699
geometry_matrix_entropy.layer_matrix_entropies_normalized.min,6,-0.004937460317047511,0.004951123638799099,0.04749410266301672,-0.028868661835149516,-0.10395944001890306,0.3333333333333333,0.5625,4,1,1,0.028868661835149516,0.7470703125
geometry_schatten.schatten_inf_per_layer.mean,6,0.03870453723661926,-0.023817432671785044,0.5892538187414447,0.02886103614211675,0.06568398202201929,0.16666666666666666,0.4375,4,1,1,0.02886103614211675,0.6611111111111111
repe_task_vectors.layer_task_vector_cosine_sim.q25,6,-0.0007219115893046801,-0.00069221854209911,0.0010707312389913307,-0.028528487164474873,-0.6742229637240696,0.8333333333333334,0.21875,4,1,1,0.028528487164474873,0.5765503875968992
geometry_matrix_entropy.layer_matrix_entropies.min,6,-0.03626742865890259,0.03584796190261863,0.3645693870295492,-0.028481800741618803,-0.09948018113754303,0.3333333333333333,0.5625,4,1,1,0.028481800741618803,0.7470703125
dynamics_coe.per_sample_mean_magnitude.max,6,-1.9678926806719528,-0.20434430614113808,4.620003033682379,-0.028365309012902674,-0.425950516985579,0.6666666666666666,0.21875,4,1,1,0.028365309012902674,0.5765503875968992
causality_tracing.max_causal_layer_idx,6,-0.16666666666666666,0.0,2.9944392908634274,-0.028326669823270503,-0.05565872287850237,0.5,1.0,4,1,1,0.028326669823270503,1.0
geometry_hubness.hubness_k100_max,6,-1205.3333333333333,-1576.5,2658.9673684847407,-0.027704610407437887,-0.45330880988592714,0.6666666666666666,0.3125,4,1,1,0.027704610407437887,0.6611111111111111
geometry_weight_norms.frobenius_norm_per_layer.min,6,0.9642460560672509,-0.07712528440687727,2.9056750579286557,0.027694270564727643,0.33184923876334094,0.16666666666666666,0.4375,4,1,1,0.027694270564727643,0.6611111111111111
geometry_collapse.erank_per_layer.min,6,2.6939846192792607,-8.613947073061773,46.26499064640232,0.027632073017167864,0.05822944264420275,0.16666666666666666,0.4375,4,1,1,0.027632073017167864,0.6611111111111111
geometry_collapse.min_erank,6,2.6939846192792607,-8.613947073061773,46.26499064640232,0.027632073017167864,0.05822944264420275,0.16666666666666666,0.4375,4,1,1,0.027632073017167864,0.6611111111111111
interpretability_activation_sinks.massive_activation_max_ratio_per_layer.std,6,345.3342270625078,6.265079344444487,775.8955375229158,0.027631233587687654,0.44507824876143004,0.8333333333333334,0.09375,4,1,1,0.027631233587687654,0.3390957446808511
interpretability_sparsity.layer_kurtosis.q50,6,-1276.142251159223,-15.166746321880439,3098.097507448188,-0.02762495057381471,-0.41191158383208665,0.8333333333333334,0.09375,4,1,1,0.02762495057381471,0.3390957446808511
interpretability_logit_lens.entropy.q50,6,0.08278052111466756,0.1735300731658942,0.3316085306150063,0.02738834127784745,0.249633267760457,0.8333333333333334,0.4375,4,1,1,0.02738834127784745,0.6611111111111111
causality_edge_attribution.mean_layer_attribution_profile.q75,6,0.0007207755412484675,0.0010408701499049974,0.009626419646270644,0.02702156510717767,0.07487472681784677,0.5,0.84375,4,1,1,0.02702156510717767,0.9359706362153344
geometry_lipschitz.lipschitz_std,6,0.051054581606968595,0.05268813844034986,0.06693806113886915,0.026852333352113615,0.7627137795498914,0.6666666666666666,0.21875,4,1,1,0.026852333352113615,0.5765503875968992
geometry_lipschitz.relative_change_std,6,0.051054581606968595,0.05268813844034986,0.06693806113886915,0.026852333352113615,0.7627137795498914,0.6666666666666666,0.21875,4,1,1,0.026852333352113615,0.5765503875968992
geometry_hsic.adjacent_hsic.q25,6,0.0048526867208025515,0.0005307568737534796,0.031145832958039268,0.02666686901079095,0.15580532803024588,0.6666666666666666,0.84375,4,1,1,0.02666686901079095,0.9359706362153344
dynamics_coe.per_sample_coe_c.max,6,-0.02001457789456985,-0.0006316498430503498,0.04585979360123613,-0.026137792337903414,-0.4364297421092267,0.6666666666666666,0.3125,4,1,1,0.026137792337903414,0.6611111111111111
geometry_spectral.median_alpha,6,-0.01602552672354962,-0.009301368243820995,0.016596343887292895,-0.025258467265843316,-0.9656058486363178,1.0,0.03125,4,1,1,0.025258467265843316,0.2361111111111111
consistency_format_robustness.max_nll_std_across_formats,6,-0.032924750124324755,0.076107200200487,0.9274130996376643,-0.02515905357164339,-0.03550170914901708,0.3333333333333333,0.84375,4,1,1,0.02515905357164339,0.9359706362153344
dynamics_coe.per_sample_mean_magnitude.std,6,0.17364443990452574,0.14826993885592354,0.1928700720189663,0.024981694849809756,0.9003182198607259,0.8333333333333334,0.09375,4,1,1,0.024981694849809756,0.3390957446808511
geometry_contextualization.per_layer.intra_sentence_similarity_raw.slope,6,0.0016858489140867698,-0.00046050067991029384,0.010658968415177624,0.024543212018558774,0.1581624833118221,0.16666666666666666,0.4375,4,1,1,0.024543212018558774,0.6611111111111111
dynamics_gradient_flow.gradient_flow_entropy,6,-0.017480533164218198,-0.0019019977621179684,0.06917638342351573,-0.02442130482753805,-0.252695100540279,0.5,0.6875,4,1,1,0.02442130482753805,0.8333333333333334
topology_homology.max_persistence_h0.q75,6,-0.6039597491423289,-0.3180882930755615,2.872035817578547,-0.02434635587817941,-0.21028976917548878,0.8333333333333334,0.3125,4,1,1,0.02434635587817941,0.6611111111111111
topology_homology.max_persistence_h0.q50,6,-0.6039597491423289,-0.3180882930755615,2.872035817578547,-0.02434635587817941,-0.21028976917548878,0.8333333333333334,0.3125,4,1,1,0.02434635587817941,0.6611111111111111
interpretability_logit_lens.acc.q50,6,-0.0019109410311405832,-0.0005020155897363997,0.005422722403171759,-0.024249285271743897,-0.35239514197202326,0.5,0.625,4,1,1,0.024249285271743897,0.8157389635316699
repe_refusal_direction.auc_at_depth_75,6,0.0023148148148148064,0.0,0.012599271445067837,0.024130652000396362,0.18372608486984962,0.16666666666666666,1.0,4,1,1,0.024130652000396362,1.0
geometry_weight_norms.stable_rank_per_layer.q50,6,-2.448742877678574,-1.4187673507050604,3.83327382311094,-0.023649144371027053,-0.6388124070122564,0.8333333333333334,0.0625,4,1,1,0.023649144371027053,0.27070063694267515
geometry_hubness.hubness_k50_max,6,666.1666666666666,155.0,2109.820126614273,0.023428061915667087,0.3157457160747137,0.5,0.625,4,1,1,0.023428061915667087,0.8157389635316699
causality_knowledge_neurons.mean_top1pct_share,6,0.0010580410559971887,-0.0014868021011352622,0.009742348398250585,0.02331444262090024,0.10860226022990299,0.5,0.84375,4,1,1,0.02331444262090024,0.9359706362153344
geometry_schatten.rankme_per_layer.mean,6,-0.10155083941117482,0.40506042821744614,4.165357099598204,-0.02276921505578702,-0.024379863954754458,0.16666666666666666,0.4375,4,1,1,0.02276921505578702,0.6611111111111111
geometry_lipschitz.contraction_std,6,0.0422910769453862,0.04830812915513591,0.06535393047883967,0.022319591015772525,0.6471083932599773,0.6666666666666666,0.21875,4,1,1,0.022319591015772525,0.5765503875968992
geometry_weight_norms.frobenius_norm_per_layer.q50,6,0.984753076361601,-0.08971445901052988,3.02624519749883,0.022076024429231834,0.3254042591048116,0.16666666666666666,0.4375,4,1,1,0.022076024429231834,0.6611111111111111
dynamics_coe.per_sample_coe_c.q75,6,-0.015698010280748267,-0.0002681554879794511,0.03437431743686265,-0.022002401269039934,-0.4566784579673977,0.5,0.5625,4,1,1,0.022002401269039934,0.7470703125
geometry_lipschitz.relative_change_mean,6,-0.02250753129223922,0.007507083877440424,0.0690612560824002,-0.02173751627431336,-0.325906775651234,0.3333333333333333,1.0,4,1,1,0.02173751627431336,1.0
geometry_lipschitz.lipschitz_mean,6,-0.02250753129223922,0.007507083877440424,0.0690612560824002,-0.02173751627431336,-0.325906775651234,0.3333333333333333,1.0,4,1,1,0.02173751627431336,1.0
geometry_weight_norms.frobenius_norm_per_layer.slope,6,-0.02856609088655548,-0.0007427768787992006,0.06700213382501005,-0.021647098732088085,-0.42634598714664435,1.0,0.03125,4,1,1,0.021647098732088085,0.2361111111111111
interpretability_waa.layer_waa_alignments.q75,6,0.000916239068222568,0.002986438106745453,0.010581021405007168,0.021061907060058508,0.08659268639121966,0.6666666666666666,0.6875,4,1,1,0.021061907060058508,0.8333333333333334
dynamics_coe.per_sample_coe_r.q50,6,-0.017904212756283313,-0.01908029311902454,0.014434440306262165,-0.020769041894025425,-1.2403815026008207,0.8333333333333334,0.0625,4,1,1,0.020769041894025425,0.27070063694267515
interpretability_sparsity.layer_l0_rates.max,6,0.0013643642266591243,-0.0005295097827910933,0.007421174992789886,0.020468368985882012,0.18384746727906098,0.3333333333333333,0.6875,4,1,1,0.020468368985882012,0.8333333333333334
geometry_schatten.matrix_nuclear_norm_per_layer.q25,6,-0.0003436219195524654,-4.345078021285049e-05,0.0011468855584384056,-0.020170457989487203,-0.29961308434325346,0.5,0.6875,4,1,1,0.020170457989487203,0.8333333333333334
geometry_svd.participation_ratio_norm,6,-0.0006433077714781832,0.000500122782497902,0.0027313767504818145,-0.020034015350549956,-0.23552509603982819,0.3333333333333333,1.0,4,1,1,0.020034015350549956,1.0
geometry_weight_norms.frobenius_norm_per_layer.max,6,2.554939466178732,-0.10733972276960202,7.002672796843395,0.020031914619039512,0.3648520415419704,0.16666666666666666,0.4375,4,1,1,0.020031914619039512,0.6611111111111111
geometry_contextualization.per_layer.self_similarity_corrected.std,6,0.0008877321766159104,-0.0011617602976801006,0.01421316217519293,0.01974298734864201,0.06245845686368947,0.5,0.84375,4,1,1,0.01974298734864201,0.9359706362153344
interpretability_logit_lens.acc.min,6,-0.00039639318206658385,-2.829462289809996e-05,0.0009869343354441777,-0.01961227271947567,-0.40164088717025326,0.5,0.625,4,1,1,0.01961227271947567,0.8157389635316699
topology_homology.mean_persistence_h1.q75,6,-0.008976281185944865,-0.003252668678760501,0.033799640685460576,-0.019186620705387222,-0.26557327249357854,0.6666666666666666,0.4375,4,1,1,0.019186620705387222,0.6611111111111111
topology_homology.mean_persistence_h1.q50,6,-0.008976281185944865,-0.003252668678760501,0.033799640685460576,-0.019186620705387222,-0.26557327249357854,0.6666666666666666,0.4375,4,1,1,0.019186620705387222,0.6611111111111111
interpretability_activation_sinks.massive_activation_max_ratio_per_layer.max,6,1424.972832185129,17.732712376323974,3077.986760209317,0.018638495984229477,0.46295612788413176,0.8333333333333334,0.0625,4,1,1,0.018638495984229477,0.27070063694267515
repe_task_vectors.layer_task_vector_norms.max,6,3.4377897580464682,3.151615858078003,3.3556738339740235,0.018528587032884403,1.0244707704429061,0.8333333333333334,0.09375,4,1,1,0.018528587032884403,0.3390957446808511
dynamics_coe.per_sample_coe_r.q25,6,-0.014512403020677342,-0.016205994880492125,0.013269795928839909,-0.018365739848848796,-1.0936417634831002,0.8333333333333334,0.0625,4,1,1,0.018365739848848796,0.27070063694267515
interpretability_activation_sinks.massive_activation_max_ratio,6,1424.972832185129,17.732712376323974,3077.986760209317,0.0182688924259846,0.46295612788413176,0.8333333333333334,0.0625,4,1,1,0.0182688924259846,0.27070063694267515
geometry_correlation_dimension.correlation_dimension_norm,6,-3.3623067479250005e-05,-4.7813988339300006e-05,7.922221904877808e-05,-0.018149921201642393,-0.4244146135132604,0.8333333333333334,0.3125,4,1,1,0.018149921201642393,0.6611111111111111
interpretability_attention_rank.layer_max_effective_rank.q25,6,0.5085627237955777,0.07563018798828836,5.534883246924896,0.017989085414803936,0.09188318905879866,0.5,0.6875,4,1,1,0.017989085414803936,0.8333333333333334
geometry_schatten.schatten_1_last,6,0.0004236602219571314,0.00043155849279864593,0.00021996153900490756,0.01790979680680452,1.9260650015168292,1.0,0.03125,4,1,1,0.01790979680680452,0.2361111111111111
interpretability_activation_sinks.entropy_per_layer.min,6,-0.0030862068233269194,0.004731374682833411,0.04304570734661203,-0.017798748818488086,-0.07169604156986453,0.3333333333333333,0.5625,4,1,1,0.017798748818488086,0.7470703125
interpretability_logit_lens.entropy.q25,6,0.05414679586887335,0.08124630212783801,0.20299447620262986,0.01779755454868943,0.26674024279766023,0.8333333333333334,0.4375,4,1,1,0.01779755454868943,0.6611111111111111
dynamics_coe.per_sample_mean_magnitude.slope,6,0.02804673592604383,0.009306158001224349,0.07246716355452393,0.017695694802055306,0.3870268208433687,0.6666666666666666,0.5625,4,1,1,0.017695694802055306,0.7470703125
geometry_schatten.matrix_nuclear_norm_per_layer.q50,6,-0.0002985822502523496,3.381522838030119e-05,0.0008661835738839297,-0.017512289700293074,-0.34471012756974795,0.3333333333333333,0.6875,4,1,1,0.017512289700293074,0.8333333333333334
geometry_schatten.schatten_1_per_layer.min,6,-0.0003995860878775517,0.00030465761144529875,0.003127270137979776,-0.017283488256089604,-0.12777472691747865,0.3333333333333333,0.5625,4,1,1,0.017283488256089604,0.7470703125
repe_task_vectors.layer_task_vector_norms.q75,6,-0.8421418368816372,0.063169926404953,3.9339817837437585,-0.016483205385054902,-0.21406856543199757,0.5,1.0,4,1,1,0.016483205385054902,1.0
geometry_weight_norms.frobenius_norm_per_layer.std,6,0.19804725098495649,-0.008194350746470347,0.5383121374603443,0.016364423338157068,0.3679041158523868,0.16666666666666666,0.4375,4,1,1,0.016364423338157068,0.6611111111111111
dynamics_coe.per_sample_coe_r.mean,6,-0.01300982024453703,-0.014690351469928198,0.012445671193856271,-0.01629354995376703,-1.0453289374187587,0.8333333333333334,0.09375,4,1,1,0.01629354995376703,0.3390957446808511
dynamics_coe.coe_r,6,-0.01300982024453703,-0.014690351469928198,0.012445671193856271,-0.01629354995376703,-1.0453289374187587,0.8333333333333334,0.09375,4,1,1,0.01629354995376703,0.3390957446808511
dynamics_coe.per_sample_coe_r.min,6,-0.01193920111720611,-0.015499244785973837,0.016697899202069908,-0.015920106210475272,-0.7150121684604552,0.6666666666666666,0.21875,4,1,1,0.015920106210475272,0.5765503875968992
interpretability_logit_lens.acc.slope,6,-0.0003921433650840667,-0.00027337327378014996,0.000778306837847718,-0.015780914252115245,-0.5038416033559154,0.5,0.4375,4,1,1,0.015780914252115245,0.6611111111111111
interpretability_superposition.polysemanticity_per_layer.q50,6,-0.0025750308367935757,-0.0034242543567900297,0.008058821236780127,-0.015391310492993027,-0.31952946481071465,0.6666666666666666,0.4375,4,1,1,0.015391310492993027,0.6611111111111111
geometry_weight_norms.spectral_norm_per_layer.slope,6,-0.013032661668511166,-0.00019415902047539846,0.03176945747558286,-0.015078907332446382,-0.4102261323954844,0.8333333333333334,0.3125,4,1,1,0.015078907332446382,0.6611111111111111
geometry_schatten.matrix_nuclear_norm_last,6,-0.00023715588186556716,-0.0002826438844204006,0.0006981563900105683,-0.014736467263094246,-0.3396887649513273,0.8333333333333334,0.3125,4,1,1,0.014736467263094246,0.6611111111111111
geometry_cka.std_offdiag_cka,6,-0.0011414629998298999,0.006785393092034159,0.019186865167497926,-0.014332531657689038,-0.059491896662906135,0.16666666666666666,0.4375,4,1,1,0.014332531657689038,0.6611111111111111
geometry_collapse.erank_per_layer.q25,6,-2.745332968311987,-0.6229567854538729,37.24912106789083,-0.014248888561309658,-0.07370195294832058,0.6666666666666666,0.6875,4,1,1,0.014248888561309658,0.8333333333333334
interpretability_superposition.polysemanticity_per_layer.q25,6,-0.0021017941968998663,-0.0015549798760080558,0.005042132741230286,-0.01356771929863192,-0.4168462642233069,0.6666666666666666,0.5625,4,1,1,0.01356771929863192,0.7470703125
geometry_schatten.schatten_inf_per_layer.std,6,-0.00952382552407962,-0.014575927623543289,0.07786126582023238,-0.013533323206456404,-0.1223178871259095,0.6666666666666666,0.5625,4,1,1,0.013533323206456404,0.7470703125
geometry_unembedding.unembedding_eff_rank_norm,4,-0.0016599892656869175,-0.0016243828425781537,0.0006835799021074665,-0.013377051070929756,-2.4283763471822324,1.0,0.125,3,1,0,0.013377051070929756,0.4292929292929293
dynamics_coe.per_sample_coe_r.std,6,0.0011310099183282827,0.001366220415896749,0.002365403872332873,0.013308774417805796,0.4781466419148233,0.6666666666666666,0.3125,4,1,1,0.013308774417805796,0.6611111111111111
dynamics_coe.coe_r_std,6,0.0011310099183282827,0.001366220415896749,0.002365403872332873,0.013308774417805796,0.4781466419148233,0.6666666666666666,0.3125,4,1,1,0.013308774417805796,0.6611111111111111
interpretability_head_roles.frac_duplicate_token_heads,6,0.00049603174603175,0.0,0.005088255836573849,0.01326979146241951,0.09748561431725306,0.3333333333333333,1.0,4,1,1,0.01326979146241951,1.0
interpretability_activation_sinks.massive_activation_fraction_per_layer.slope,6,-1.4134250798802435e-06,4.6630939163204475e-09,5.675817244075018e-06,-0.012862379809699846,-0.24902582643155347,0.16666666666666666,0.625,4,1,1,0.012862379809699846,0.8157389635316699
geometry_schatten.schatten_1_per_layer.mean,6,-0.0003059263067330814,0.00018680367825224878,0.0022451148026957006,-0.012656510812643218,-0.13626310172012446,0.16666666666666666,0.4375,4,1,1,0.012656510812643218,0.6611111111111111
geometry_hubness.hubness_k50_skew,6,-0.3183438758299599,-0.10995078043712425,1.5472473312490842,-0.012593892813142464,-0.20574853767752996,0.5,0.625,4,1,1,0.012593892813142464,0.8157389635316699
interpretability_superposition.polysemanticity_per_layer.mean,6,-0.0017871996812977482,-0.002058581207233817,0.0030527302368715914,-0.012201991552850787,-0.5854430436438607,0.8333333333333334,0.21875,4,1,1,0.012201991552850787,0.5765503875968992
interpretability_superposition.mean_polysemanticity_index,6,-0.0017871996812977482,-0.002058581207233817,0.0030527302368715914,-0.012201991552850787,-0.5854430436438607,0.8333333333333334,0.21875,4,1,1,0.012201991552850787,0.5765503875968992
repe_task_vectors.layer_task_vector_norms.slope,6,0.02705474715266222,0.03550042689184128,0.12922845978407335,0.011667713019824276,0.20935595145115674,0.8333333333333334,0.3125,4,1,1,0.011667713019824276,0.6611111111111111
geometry_schatten.matrix_nuclear_norm_per_layer.mean,6,-0.00019746719787703341,1.051398940040034e-05,0.0005663522228826117,-0.01156788190840361,-0.34866500015126206,0.3333333333333333,1.0,4,1,1,0.01156788190840361,1.0
repe_task_vectors.layer_task_vector_norms.q25,6,0.03265911092360815,0.020168207585811615,0.04307929731748266,0.011280912877360993,0.7581161475991454,0.6666666666666666,0.15625,4,1,1,0.011280912877360993,0.46397379912663755
dynamics_coe.per_sample_coe_r.q75,6,-0.009207272519610224,-0.017067221431288755,0.01984191323524077,-0.011278343822864027,-0.4640314878132516,0.6666666666666666,0.3125,4,1,1,0.011278343822864027,0.6611111111111111
interpretability_head_roles.mean_duplicate_token_score,6,0.000276984216929953,0.0014832610299590557,0.003683913292884434,0.01058627053388783,0.07518749625973949,0.5,0.84375,4,1,1,0.01058627053388783,0.9359706362153344
geometry_rsa.rsa_adjacent_std,6,-0.0009067666747244624,-0.003495570598518842,0.012519803646009407,-0.010583010490967588,-0.07242658913532461,0.6666666666666666,0.6875,4,1,1,0.010583010490967588,0.8333333333333334
geometry_spectral.min_alpha,6,0.007248686924867649,0.004529136180124738,0.014878140478744226,0.010561524321709813,0.48720382330194717,0.5,0.4375,4,1,1,0.010561524321709813,0.6611111111111111
geometry_schatten.matrix_nuclear_norm_per_layer.q75,6,0.0001828168751671997,0.0001483391970396493,0.000710900564913422,0.010535847464040439,0.25716237149068,0.8333333333333334,0.3125,4,1,1,0.010535847464040439,0.6611111111111111
geometry_hubness.hubness_k100_skew,6,-0.3116116645406919,-0.11059890181245535,1.2921847635337793,-0.01051271573370415,-0.2411510128694889,0.5,0.8125,4,1,1,0.01051271573370415,0.9359706362153344
interpretability_activation_sinks.massive_activation_fraction_per_layer.std,6,-2.618725792778383e-05,-4.033989335667693e-08,0.00010918376606334275,-0.0101931968406945,-0.23984571032832244,0.6666666666666666,0.4375,4,1,1,0.0101931968406945,0.6611111111111111
geometry_unembedding.embedding_alignment_std,4,0.00010142655810337509,5.1121693104450245e-05,0.00010609756516590699,0.008835993333359772,0.9559744179310077,1.0,0.125,3,1,0,0.008835993333359772,0.4292929292929293
causality_knowledge_neurons.mean_top1_share,6,-2.8825282546066702e-05,-4.10612439736501e-05,0.0002703625354841317,-0.008503988413146174,-0.10661714832067971,0.5,0.84375,4,1,1,0.008503988413146174,0.9359706362153344
geometry_lipschitz.mean_contraction_rate,6,0.008125016092019469,0.00529894035787315,0.01160700563681048,0.00840072543937128,0.7000096619451771,0.8333333333333334,0.09375,4,1,1,0.00840072543937128,0.3390957446808511
interpretability_sparsity.layer_l0_rates.q25,6,-0.001499938964843739,-0.003034275770187389,0.019319966383140298,-0.00821151407805642,-0.07763672747136201,0.8333333333333334,0.4375,4,1,1,0.00821151407805642,0.6611111111111111
geometry_schatten.schatten_4_per_layer.std,6,0.000634437882095547,-0.0018848287142348014,0.013801886195616266,0.008205177480702389,0.04596747669873239,0.3333333333333333,0.5625,4,1,1,0.008205177480702389,0.7470703125
geometry_collapse.erank_per_layer.q50,6,-1.534144573419314,-11.290878785610772,40.406407573690984,-0.007590334664452279,-0.03796785375243829,0.8333333333333334,0.4375,4,1,1,0.007590334664452279,0.6611111111111111
dynamics_coe.per_sample_coe_r.max,6,-0.006202371523719376,-0.010006895378638997,0.014915779330417041,-0.007146955486770183,-0.41582617886221834,0.6666666666666666,0.3125,4,1,1,0.007146955486770183,0.6611111111111111
geometry_spectral.avg_alpha,6,-0.0043694067477466625,-0.005100753708255912,0.03937448277970611,-0.006554868210314357,-0.11097051794160166,0.8333333333333334,0.3125,4,1,1,0.006554868210314357,0.6611111111111111
geometry_schatten.schatten_1_per_layer.max,6,0.00015508493219809917,5.17003104578001e-05,0.00025805351439335506,0.006137718531938454,0.6009797330707953,0.8333333333333334,0.0625,4,1,1,0.006137718531938454,0.27070063694267515
dynamics_coe.std_magnitude_change,6,0.7607849778597586,0.0014956108395658418,2.5641076327311776,0.005553510083559664,0.29670555484810246,0.5,1.0,4,1,1,0.005553510083559664,1.0
geometry_weight_norms.spectral_norm_per_layer.max,6,0.5416061887665408,-0.026536055973597872,1.4374518448959908,0.005453804938109141,0.3767821445216689,0.16666666666666666,0.4375,4,1,1,0.005453804938109141,0.6611111111111111
repe_task_vectors.layer_task_vector_norms.mean,6,-0.16652112793535911,0.25079184060450643,1.8984750188811352,-0.005071944029408363,-0.08771309934512501,0.16666666666666666,0.4375,4,1,1,0.005071944029408363,0.6611111111111111
interpretability_attention_entropy.avg_entropy_per_layer.mean,6,-0.002470406481907365,-0.004654205980755055,0.007741057597530216,-0.00500330588923201,-0.3191303579365625,0.6666666666666666,0.4375,4,1,1,0.00500330588923201,0.6611111111111111
repe_task_vectors.mean_vector_norm,6,-0.16652112793535911,0.25079184060450643,1.8984750188811352,-0.004977799456372903,-0.08771309934512501,0.16666666666666666,0.4375,4,1,1,0.004977799456372903,0.6611111111111111
interpretability_attention_entropy.avg_entropy_total,6,-0.002470393975575617,-0.004654288291931152,0.0077410421978625,-0.0048909522847542875,-0.31912937721199297,0.6666666666666666,0.4375,4,1,1,0.0048909522847542875,0.6611111111111111
repe_task_vectors.layer_task_vector_norms.std,6,0.21273780424920363,0.3031491454663561,1.4071829388646218,0.004749519614845185,0.1511799200897433,0.8333333333333334,0.4375,4,1,1,0.004749519614845185,0.6611111111111111
geometry_contextualization.per_layer.n_words_tracked.q50,6,0.16666666666666666,0.0,0.408248290463863,0.0042722404839532005,0.408248290463863,0.16666666666666666,1.0,4,1,1,0.0042722404839532005,1.0
geometry_contextualization.per_layer.n_words_tracked.q75,6,0.16666666666666666,0.0,0.408248290463863,0.0042722404839532005,0.408248290463863,0.16666666666666666,1.0,4,1,1,0.0042722404839532005,1.0
geometry_contextualization.per_layer.n_words_tracked.max,6,0.16666666666666666,0.0,0.408248290463863,0.0042722404839532005,0.408248290463863,0.16666666666666666,1.0,4,1,1,0.0042722404839532005,1.0
geometry_contextualization.per_layer.n_words_tracked.mean,6,0.16666666666666666,0.0,0.408248290463863,0.0042722404839532005,0.408248290463863,0.16666666666666666,1.0,4,1,1,0.0042722404839532005,1.0
geometry_contextualization.per_layer.n_words_tracked.min,6,0.16666666666666666,0.0,0.408248290463863,0.0042722404839532005,0.408248290463863,0.16666666666666666,1.0,4,1,1,0.0042722404839532005,1.0
geometry_contextualization.per_layer.n_words_tracked.q25,6,0.16666666666666666,0.0,0.408248290463863,0.0042722404839532005,0.408248290463863,0.16666666666666666,1.0,4,1,1,0.0042722404839532005,1.0
geometry_hubness.hubness_k10_skew,6,0.10863602579076866,-0.0017013359553459395,1.2789355444367139,0.004231264637882644,0.08494253386210765,0.3333333333333333,1.0,4,1,1,0.004231264637882644,1.0
dynamics_sharpness.top_eigenvalue_estimate,6,297.8333333333333,67.0,568.868496813338,0.004110252346915608,0.5235539232735206,0.8333333333333334,0.15625,4,1,1,0.004110252346915608,0.46397379912663755
interpretability_attention_entropy.avg_normalized_entropy_total,6,-0.0003859748895808368,-0.0005968623611358193,0.001569878387816166,-0.00374924578156208,-0.2458629232534124,0.6666666666666666,0.5625,4,1,1,0.00374924578156208,0.7470703125
geometry_unembedding.unembedding_eff_rank,4,-3.268253930069733,-3.239486619477134,1.9010459244585507,-0.0036182272482979667,-1.7191872579304392,1.0,0.125,3,1,0,0.0036182272482979667,0.4292929292929293
interpretability_waa.layer_waa_alignments.slope,6,-2.2093595167266718e-05,0.00030546100932665006,0.0017617193822732809,-0.003361947577952221,-0.012540927567452693,0.16666666666666666,0.4375,4,1,1,0.003361947577952221,0.6611111111111111
geometry_schatten.matrix_nuclear_norm_per_layer.min,6,5.411789985373342e-05,-6.22748513705992e-05,0.00045447115493395257,0.003341131731716166,0.11907884420431099,0.3333333333333333,0.6875,4,1,1,0.003341131731716166,0.8333333333333334
geometry_spectral.std_alpha,6,0.0020927808777027788,-0.0006332342889376896,0.031243645309121385,0.0032072169517640015,0.06698260900727242,0.16666666666666666,0.4375,4,1,1,0.0032072169517640015,0.6611111111111111
interpretability_sparsity.layer_l0_rates.slope,6,4.042558331678337e-05,-0.00014353170770879924,0.0005228789147379688,0.003122650152299467,0.07731347005461467,0.3333333333333333,0.6875,4,1,1,0.003122650152299467,0.8333333333333334
geometry_hsic.adjacent_hsic.slope,6,3.6627335683634115e-05,-0.00014514313694679996,0.0011983844896874696,0.002885832390070641,0.030563926685321395,0.3333333333333333,0.6875,4,1,1,0.002885832390070641,0.8333333333333334
geometry_hsic.input_to_layer_hsic.mean,6,-0.0008283560207900664,0.0015942042907174103,0.014722005984987066,-0.0028203977941515953,-0.05626651841024871,0.5,1.0,4,1,1,0.0028203977941515953,1.0
dynamics_coe.coe_c_std,6,0.00021437019114735044,0.00016333596354075003,0.001908838321446367,0.002744983658994248,0.11230400644142434,0.8333333333333334,0.4375,4,1,1,0.002744983658994248,0.6611111111111111
dynamics_coe.per_sample_coe_c.std,6,0.00021437019114735044,0.00016333596354075003,0.001908838321446367,0.002744983658994248,0.11230400644142434,0.8333333333333334,0.4375,4,1,1,0.002744983658994248,0.6611111111111111
geometry_schatten.schatten_2_per_layer.q25,6,-0.00014559324726221937,-7.153595643627497e-08,0.00035625544733010545,-0.002272767285879093,-0.4086765503611037,0.6666666666666666,0.4375,4,1,1,0.002272767285879093,0.6611111111111111
geometry_schatten.schatten_2_per_layer.q50,6,-0.00014558975397310306,-9.707002959769007e-08,0.00035626898773666673,-0.002272714637352461,-0.40865121294451406,0.6666666666666666,0.15625,4,1,1,0.002272714637352461,0.46397379912663755
geometry_schatten.schatten_2_per_layer.max,6,-0.00014549870075429108,-4.393872406194266e-08,0.0003563071600772326,-0.0022712933417704325,-0.4083518858356734,0.6666666666666666,0.15625,4,1,1,0.0022712933417704325,0.46397379912663755
geometry_schatten.schatten_2_per_layer.q75,6,-0.0001454872942911467,-5.998387508920899e-08,0.00035626249352204044,-0.0022711156154450957,-0.4083710661002995,1.0,0.03125,4,1,1,0.0022711156154450957,0.2361111111111111
geometry_schatten.schatten_2_per_layer.mean,6,-0.00014554278709515145,-1.5318565999011824e-09,0.00035624985245193044,-0.0022678635098674887,-0.4085413259638889,0.5,0.6875,4,1,1,0.0022678635098674887,0.8333333333333334
geometry_schatten.schatten_2_last,6,-0.00014545718755946957,-8.1251161077045e-09,0.0003563208054885689,-0.0022614256192333253,-0.4082197427681106,0.5,0.84375,4,1,1,0.0022614256192333253,0.9359706362153344
geometry_schatten.schatten_2_per_layer.min,6,-0.00014562556840192384,-2.8192643955482488e-08,0.00035618986869248695,-0.002221217122312701,-0.40884253372082363,0.6666666666666666,0.3125,4,1,1,0.002221217122312701,0.6611111111111111
dynamics_coe.per_sample_mean_angle.std,6,5.43081553547343e-05,0.0012680313785451511,0.005420546142061016,0.0021544407445998276,0.010018945311308631,0.6666666666666666,0.84375,4,1,1,0.0021544407445998276,0.9359706362153344
geometry_hubness.hubness_k50_gini,6,0.00044782564466797997,0.006482738861463444,0.041608428912326856,0.0019983455263013214,0.010762858785454112,0.6666666666666666,0.625,4,1,1,0.0019983455263013214,0.8157389635316699
dynamics_sharpness.hutchinson_trace_per_param,6,-7.079566600678212e-05,-6.787918008845676e-07,0.00028468725339437855,-0.0013909396775030256,-0.24867873486667336,0.5,0.84375,4,1,1,0.0013909396775030256,0.9359706362153344
geometry_weight_norms.spectral_norm_per_layer.std,6,0.01425850972690588,-0.004441402804601868,0.059195557754950515,0.0012452314218282848,0.24087127932692623,0.16666666666666666,0.4375,4,1,1,0.0012452314218282848,0.6611111111111111
geometry_isoscore.isoscore,6,0.00017739176386520153,0.0001376940485381395,0.0009979403939930334,0.0011779709266437918,0.17775787505244517,0.6666666666666666,0.5625,4,1,1,0.0011779709266437918,0.7470703125
interpretability_induction_heads.causal_validation_score,5,-0.00033333333333339203,0.0,0.06828656936437472,-0.0010922455259859216,-0.004881389363034731,0.4,1.0,4,1,0,0.0010922455259859216,1.0
geometry_weight_norms.norm_uniformity,6,-0.00010173862140067103,-2.3203203806498873e-05,0.0006652823093692619,-0.0009965921121380347,-0.15292548737261172,0.6666666666666666,0.84375,4,1,1,0.0009965921121380347,0.9359706362153344
geometry_schatten.schatten_1_per_layer.q75,6,-1.869291688714851e-05,0.00029148902479315085,0.0022471180327443166,-0.0007980005575030348,-0.008318618165472861,0.16666666666666666,0.4375,4,1,1,0.0007980005575030348,0.6611111111111111
interpretability_attention_rank.layer_max_effective_rank.q50,6,0.01930363972981297,1.1072006225585866,3.5596926082474054,0.0007149765491541221,0.0054228389510624095,0.8333333333333334,0.4375,4,1,1,0.0007149765491541221,0.6611111111111111
geometry_schatten.schatten_4_per_layer.slope,6,-5.677282033266435e-06,-0.00025826469954270004,0.0014945092025545213,-0.000690875746082094,-0.0037987601706047855,0.8333333333333334,0.4375,4,1,1,0.000690875746082094,0.6611111111111111
geometry_schatten.matrix_nuclear_norm_per_layer.max,6,-7.391607699283077e-06,-6.730030290779884e-05,0.0002654929419776614,-0.0004044918380525783,-0.027841070441356624,0.6666666666666666,0.6875,4,1,1,0.0004044918380525783,0.8333333333333334
geometry_intrinsic_dim.intrinsic_dimension_norm,6,-1.9497659839781457e-05,5.6814786009200084e-05,0.0004961172837788743,-0.00019486024765761795,-0.039300505096838766,0.16666666666666666,0.4375,4,1,1,0.00019486024765761795,0.6611111111111111
geometry_unembedding.embedding_alignment_mean,4,-2.9861927032470703e-05,-7.218122482305356e-05,0.00011620201301569767,-6.713322972759179e-05,-0.2569828719614063,0.75,0.875,3,1,0,6.713322972759179e-05,0.967479674796748
geometry_schatten.schatten_2_per_layer.slope,6,6.782044011819111e-09,6.808380251182307e-10,1.748630238562676e-08,3.616190528817116e-05,0.387848949552294,0.5,0.84375,4,1,1,3.616190528817116e-05,0.9359706362153344
geometry_schatten.schatten_2_per_layer.std,6,3.90942419810419e-08,-4.624191002855461e-09,1.2295484815185592e-07,2.1800784891244414e-05,0.31795608362476596,0.3333333333333333,0.84375,4,1,1,2.1800784891244414e-05,0.9359706362153344
geometry_intrinsic_dim.intrinsic_dimension,6,0.006729875133595797,0.13291273693965522,1.3596365859032349,1.4973516525934905e-05,0.004949760254594062,0.8333333333333334,0.4375,4,1,1,1.4973516525934905e-05,0.6611111111111111
causality_edge_attribution.mean_layer_attribution_profile.mean,6,-1.61907524424502e-17,0.0,3.9659082035723457e-17,-6.325656737217539e-16,-0.408248290463863,0.16666666666666666,1.0,4,1,1,6.325656737217539e-16,1.0
interpretability_activation_sinks.massive_activation_fraction_per_layer.min,6,0.0,0.0,0.0,0.0,,0.5,,4,1,1,0.0,
geometry_tokenizer_efficiency.vocab_size,6,0.0,0.0,0.0,0.0,,0.5,,4,1,1,0.0,
geometry_tokenizer_efficiency.total_tokens,6,0.0,0.0,0.0,0.0,,0.5,,4,1,1,0.0,
geometry_collapse.max_drop_layer,6,0.0,0.0,0.0,0.0,,0.5,,4,1,1,0.0,
geometry_schatten.n_layers,6,0.0,0.0,0.0,0.0,,0.5,,4,1,1,0.0,
geometry_tokenizer_efficiency.compression_ratio,6,0.0,0.0,0.0,0.0,,0.5,,4,1,1,0.0,
geometry_lipschitz.relative_change_max_layer,6,0.0,0.0,0.0,0.0,,0.5,,4,1,1,0.0,
geometry_intrinsic_dim.sample_size,6,0.0,0.0,0.0,0.0,,0.5,,4,1,1,0.0,
geometry_tokenizer_efficiency.vocab_utilization,6,0.0,0.0,0.0,0.0,,0.5,,4,1,1,0.0,
geometry_tokenizer_efficiency.normalised_token_entropy,6,0.0,0.0,0.0,0.0,,0.5,,4,1,1,0.0,
geometry_tokenizer_efficiency.token_entropy,6,0.0,0.0,0.0,0.0,,0.5,,4,1,1,0.0,
interpretability_superposition.neuron_utilization_rate,6,0.0,0.0,0.0,0.0,,0.5,,4,1,1,0.0,
interpretability_superposition.utilization_per_layer.q50,6,0.0,0.0,0.0,0.0,,0.5,,4,1,1,0.0,
topology_homology.num_loops_h1.q25,6,0.0,0.0,0.8944271909999159,0.0,0.0,0.5,1.0,4,1,1,0.0,1.0
causality_tracing.traced_layers.q75,6,0.0,0.0,0.0,0.0,,0.5,,4,1,1,0.0,
causality_tracing.traced_layers.q50,6,0.0,0.0,0.0,0.0,,0.5,,4,1,1,0.0,
causality_tracing.traced_layers.q25,6,0.0,0.0,0.0,0.0,,0.5,,4,1,1,0.0,
causality_tracing.traced_layers.max,6,0.0,0.0,0.0,0.0,,0.5,,4,1,1,0.0,
dynamics_gradient_flow.n_layers,6,0.0,0.0,0.0,0.0,,0.5,,4,1,1,0.0,
causality_tracing.traced_layers.mean,6,0.0,0.0,0.0,0.0,,0.5,,4,1,1,0.0,
interpretability_attention_graph.num_graphs_analyzed,6,0.0,0.0,0.0,0.0,,0.5,,4,1,1,0.0,
interpretability_superposition.utilization_per_layer.q75,6,0.0,0.0,0.0,0.0,,0.5,,4,1,1,0.0,
causality_attention_knockout.num_heads,6,0.0,0.0,0.0,0.0,,0.5,,4,1,1,0.0,
causality_attention_knockout.num_layers_analyzed,6,0.0,0.0,0.0,0.0,,0.5,,4,1,1,0.0,
interpretability_waa.n_layers_analyzed,6,0.0,0.0,0.6324555320336759,0.0,0.0,0.5,1.0,4,1,1,0.0,1.0
repe_refusal_direction.best_layer_separability_auc,6,0.0,0.0,0.0,0.0,,0.5,,4,1,1,0.0,
geometry_cka.n_layers,6,0.0,0.0,0.0,0.0,,0.5,,4,1,1,0.0,
repe_concept_separability.max_auc_layer,6,0.0,0.0,0.0,0.0,,0.5,,4,1,1,0.0,
geometry_unembedding.embedding_high_alignment_frac,4,0.0,0.0,0.0,0.0,,0.5,,3,1,0,0.0,
geometry_unembedding.unembedding_n_category_tokens,6,0.0,0.0,0.0,0.0,,0.5,,4,1,1,0.0,
causality_knowledge_neurons.n_layers,6,0.0,0.0,0.0,0.0,,0.5,,4,1,1,0.0,
dynamics_coe.chain_length_per_sample,6,0.0,0.0,0.0,0.0,,0.5,,4,1,1,0.0,
geometry_perplexity.n_tokens_scored,5,0.0,0.0,0.0,0.0,,0.5,,4,1,0,0.0,
geometry_unembedding.unembedding_is_tied,6,0.0,0.0,0.0,0.0,,0.5,,4,1,1,0.0,
causality_tracing.traced_layers.std,6,0.0,0.0,0.0,0.0,,0.5,,4,1,1,0.0,
repe_refusal_direction.auc_at_depth_25,6,0.0,0.0,0.0,0.0,,0.5,,4,1,1,0.0,
consistency_calibration.num_predictions,5,0.0,0.0,0.0,0.0,,0.5,,4,1,0,0.0,
interpretability_activation_sinks.n_layers,6,0.0,0.0,0.0,0.0,,0.5,,4,1,1,0.0,
interpretability_superposition.utilization_per_layer.slope,6,0.0,0.0,0.0,0.0,,0.5,,4,1,1,0.0,
interpretability_superposition.utilization_per_layer.min,6,0.0,0.0,0.0,0.0,,0.5,,4,1,1,0.0,
interpretability_superposition.utilization_per_layer.std,6,0.0,0.0,0.0,0.0,,0.5,,4,1,1,0.0,
interpretability_superposition.utilization_per_layer.mean,6,0.0,0.0,0.0,0.0,,0.5,,4,1,1,0.0,
geometry_weight_norms.n_layers,6,0.0,0.0,0.0,0.0,,0.5,,4,1,1,0.0,
causality_circuit_quality.circuit_size_layers,6,0.0,0.0,0.0,0.0,,0.5,,4,1,1,0.0,
causality_circuit_quality.circuit_minimality,6,0.0,0.0,0.0,0.0,,0.5,,4,1,1,0.0,
geometry_neural_collapse.nc1_subspace_rank,6,0.0,0.0,0.0,0.0,,0.5,,4,1,1,0.0,
topology_betti_curve.betti_0_curve.q50,6,0.0,0.0,0.0,0.0,,0.5,,4,1,1,0.0,
geometry_svd.numerical_rank,6,0.0,0.0,0.0,0.0,,0.5,,4,1,1,0.0,
topology_betti_curve.betti_0_curve.min,6,0.0,0.0,0.0,0.0,,0.5,,4,1,1,0.0,
topology_betti_curve.betti_0_curve.max,6,0.0,0.0,0.6324555320336759,0.0,0.0,0.5,1.0,4,1,1,0.0,1.0
causality_circuit_quality.total_layers,6,0.0,0.0,0.0,0.0,,0.5,,4,1,1,0.0,
topology_betti_curve.betti_0_first,6,0.0,0.0,0.0,0.0,,0.5,,4,1,1,0.0,
geometry_tokenizer_efficiency.fertility,6,0.0,0.0,0.0,0.0,,0.5,,4,1,1,0.0,
geometry_lipschitz.lipschitz_max_layer,6,0.0,0.0,0.0,0.0,,0.5,,4,1,1,0.0,
